{
  "cities": [
    "Amsterdam",
    "Antwerp",
    "Athens",
    "Atlanta",
    "Barcelona",
    "Beijing",
    "Berlin",
    "Helsinki",
    "London",
    "Los Angeles",
    "Melbourne / Stockholm",
    "Mexico",
    "Montreal",
    "Moscow",
    "Munich",
    "Paris",
    "Rome",
    "Seoul",
    "St Louis",
    "Stockholm",
    "Sydney",
    "Tokyo"
  ],
  "years": [
    "1896",
    "1900",
    "1904",
    "1908",
    "1912",
    "1920",
    "1924",
    "1928",
    "1932",
    "1936",
    "1948",
    "1952",
    "1956",
    "1960",
    "1964",
    "1968",
    "1972",
    "1976",
    "1980",
    "1984",
    "1988",
    "1992",
    "1996",
    "2000",
    "2004",
    "2008"
  ],
  "countries": [
    "AFG",
    "AHO",
    "ALG",
    "ANZ",
    "ARG",
    "ARM",
    "AUS",
    "AUT",
    "AZE",
    "BAH",
    "BAR",
    "BDI",
    "BEL",
    "BER",
    "BLR",
    "BOH",
    "BRA",
    "BUL",
    "BWI",
    "CAN",
    "CHI",
    "CHN",
    "CIV",
    "CMR",
    "COL",
    "CRC",
    "CRO",
    "CUB",
    "CZE",
    "DEN",
    "DJI",
    "DOM",
    "ECU",
    "EGY",
    "ERI",
    "ESP",
    "EST",
    "ETH",
    "EUA",
    "EUN",
    "FIN",
    "FRA",
    "FRG",
    "GBR",
    "GDR",
    "GEO",
    "GER",
    "GHA",
    "GRE",
    "GUY",
    "HAI",
    "HKG",
    "HUN",
    "INA",
    "IND",
    "IOP",
    "IRI",
    "IRL",
    "IRQ",
    "ISL",
    "ISR",
    "ISV",
    "ITA",
    "JAM",
    "JPN",
    "KAZ",
    "KEN",
    "KGZ",
    "KOR",
    "KSA",
    "KUW",
    "LAT",
    "LIB",
    "LTU",
    "LUX",
    "MAR",
    "MAS",
    "MDA",
    "MEX",
    "MGL",
    "MKD",
    "MOZ",
    "MRI",
    "NAM",
    "NED",
    "NGR",
    "NIG",
    "NOR",
    "NZL",
    "PAK",
    "PAN",
    "PAR",
    "PER",
    "PHI",
    "POL",
    "POR",
    "PRK",
    "PUR",
    "QAT",
    "ROU",
    "RSA",
    "RU1",
    "RUS",
    "SCG",
    "SEN",
    "SIN",
    "SLO",
    "SRB",
    "SRI",
    "SUD",
    "SUI",
    "SUR",
    "SVK",
    "SWE",
    "SYR",
    "TAN",
    "TCH",
    "TGA",
    "THA",
    "TJK",
    "TOG",
    "TPE",
    "TRI",
    "TUN",
    "TUR",
    "UAE",
    "UGA",
    "UKR",
    "URS",
    "URU",
    "USA",
    "UZB",
    "VEN",
    "VIE",
    "YUG",
    "ZAM",
    "ZIM",
    "ZZX"
  ],
  "disciplines": [
    "Archery",
    "Artistic G.",
    "Athletics",
    "BMX",
    "Badminton",
    "Baseball",
    "Basketball",
    "Basque Pelota",
    "Beach volley.",
    "Boxing",
    "Canoe / Kayak F",
    "Canoe / Kayak S",
    "Cricket",
    "Croquet",
    "Cycling Road",
    "Cycling Track",
    "Diving",
    "Dressage",
    "Eventing",
    "Fencing",
    "Figure skating",
    "Football",
    "Golf",
    "Handball",
    "Hockey",
    "Ice Hockey",
    "Jeu de Paume",
    "Judo",
    "Jumping",
    "Lacrosse",
    "Modern Pentath.",
    "Mountain Bike",
    "Polo",
    "Rackets",
    "Rhythmic G.",
    "Roque",
    "Rowing",
    "Rugby",
    "Sailing",
    "Shooting",
    "Softball",
    "Swimming",
    "Synchronized S.",
    "Table Tennis",
    "Taekwondo",
    "Tennis",
    "Trampoline",
    "Triathlon",
    "Tug of War",
    "Vaulting",
    "Volleyball",
    "Water Motorspor",
    "Water polo",
    "Weightlifting",
    "Wrestling Free.",
    "Wrestling Gre-R"
  ],
  "events": [
    "+ 100kg (heavyweight)",
    "+ 100kg (super heavyweight)",
    "+ 105kg",
    "+ 108kg, total (super heavyweight)",
    "+ 110kg, total (super heavyweight)",
    "+ 67 kg",
    "+ 71.67kg (heavyweight)",
    "+ 72kg (heavyweight)",
    "+ 73kg (heavyweight)",
    "+ 75kg",
    "+ 78kg (heavyweight)",
    "+ 79.38kg (heavyweight)",
    "+ 80 kg",
    "+ 80kg (heavyweight)",
    "+ 81kg (heavyweight)",
    "+ 82.5kg (super heavyweight)",
    "+ 82.5kg, one-two hand 3 events (heavyweight)",
    "+ 82.5kg, one-two hand 5 events (heavyweight)",
    "+ 82.5kg, total (heavyweight)",
    "+ 82kg (super heavyweight)",
    "+ 87kg (heavyweight)",
    "+ 87kg (super heavyweight)",
    "+ 90kg, total (heavyweight)",
    "+ 91kg (super heavyweight)",
    "+ 93kg (heavyweight)",
    "+ 93kg (super heavyweight)",
    "+ 95kg (heavyweight)",
    "+ 97kg (heavyweight)",
    "+ 97kg (super heavyweight)",
    "- 47.63kg (flyweight)",
    "- 47.6kg (light-flyweight)",
    "- 48 kg",
    "- 48kg",
    "- 48kg (extra-lightweight)",
    "- 48kg (light-flyweight)",
    "- 49 kg",
    "- 50.8kg (flyweight)",
    "- 51kg (flyweight)",
    "- 52.62kg (bantamweight)",
    "- 52kg (flyweight)",
    "- 52kg, total (flyweight)",
    "- 54kg (bantamweight)",
    "- 54kg, total (flyweight)",
    "- 55kg",
    "- 56kg (bantamweight)",
    "- 56kg, total (bantamweight)",
    "- 58 kg",
    "- 58kg (bantamweight)",
    "- 60 kg",
    "- 60kg (featherweight)",
    "- 60kg, one-two hand 3 events (featherweight)",
    "- 60kg, one-two hand 5 events (featherweight)",
    "- 60kg, total (featherweight)",
    "- 63kg (lightweight)",
    "- 66.6kg (lightweight)",
    "- 68kg (lightweight)",
    "0.5-1t",
    "1 mile (1609.3m)",
    "1/2 mile (804.7m)",
    "1/3 mile (536.5m)",
    "1/4 mile (402.3m)",
    "10-20t",
    "100 - 110kg, total (heavyweight)",
    "100 - 130kg (super heavyweight)",
    "10000m",
    "10000m walk",
    "1000y free rifle, prone",
    "100km",
    "100m",
    "100m backstroke",
    "100m breaststroke",
    "100m butterfly",
    "100m freestyle",
    "100m freestyle for sailors",
    "100m hurdles",
    "100m running deer, double shots",
    "100m running deer, double shots, team",
    "100m running deer, single shots",
    "100m running deer, single shots, team",
    "100m running deer, single/double shots",
    "105kg",
    "10km",
    "10m",
    "10m (rating 1907)",
    "10m (rating 1919)",
    "10m air pistol (40 shots)",
    "10m air pistol (60 shots)",
    "10m air rifle (40 shots)",
    "10m air rifle (60 shots)",
    "10m platform",
    "10m running target (30+30 shots)",
    "10miles walk (16093m)",
    "110m hurdles",
    "12 foot dinghy",
    "12 foot dinghy individual",
    "12-hour race",
    "1200m freestyle",
    "12m",
    "12m (rating 1907)",
    "12m (rating 1919)",
    "1500m",
    "1500m freestyle",
    "18 foot dinghy",
    "1980 yards Pursuit, Team",
    "1km Pursuit",
    "1km time trial",
    "2 miles (3.218km)",
    "2000m tandem",
    "200m",
    "200m backstroke",
    "200m breaststroke",
    "200m butterfly",
    "200m freestyle",
    "200m hurdles",
    "200m individual medley",
    "200m obstacle event",
    "200m team swimming",
    "20km",
    "20km race walk",
    "20km walk",
    "25 kilometres",
    "25 miles (40.232km)",
    "25m army pistol",
    "25m pistol (30+30 shots)",
    "25m rapid fire pistol (60 shots)",
    "25m small bore rifle, team",
    "25m small rifle",
    "25y small bore rifle, disappearing target",
    "25y small bore rifle, moving target",
    "3-10t",
    "300+600m free rifle, team, prone",
    "3000m",
    "3000m steeplechase",
    "3000m team",
    "3000m walk",
    "300m free rifle 3 positions (3x40 shots)",
    "300m free rifle, prone, team",
    "300m free rifle, standing, team",
    "30m army pistol, team",
    "30m sq",
    "3200m steeplechase",
    "3500m walk",
    "3m springboard",
    "3miles team (4828m)",
    "400, 600, 800m free rifle, team",
    "4000m freestyle",
    "4000m steeplechase",
    "400m",
    "400m breaststroke",
    "400m freestyle",
    "400m hurdles",
    "400m individual medley",
    "40m sq",
    "47.6 - 52.16kg (flyweight)",
    "47.63 - 52.16kg (bantamweight)",
    "470 - Two Person Dinghy",
    "48 - 51kg (flyweight)",
    "48 - 52kg (flyweight)",
    "48 - 52kg (half-lightweight)",
    "48 - 54kg",
    "48 - 55kg",
    "48kg",
    "48kg (light flywieght)",
    "49 - 57 kg",
    "49er - Skiff",
    "4miles team",
    "4x100m freestyle relay",
    "4x100m medley relay",
    "4x100m relay",
    "4x200m freestyle relay",
    "4x400m relay",
    "4x50y freestyle relay",
    "5 miles (8.046km)",
    "5 miles (8047m)",
    "5.5m",
    "50+100y small bore rifle, team",
    "50.8 - 53.52kg (bantamweight)",
    "50.8 - 54kg (bantamweight)",
    "5000m",
    "5000m team",
    "500m time trial",
    "50km",
    "50km walk",
    "50m army pistol, team",
    "50m freestyle",
    "50m pistol (60 shots)",
    "50m rifle 3 positions (3x20 shots)",
    "50m rifle 3 positions (3x40 shots)",
    "50m rifle prone (60 shots)",
    "50m running target (30+30 shots)",
    "50m small bore rifle, standing, individual",
    "50m small bore rifle, team",
    "50y army pistol, team",
    "50y freestyle (45.72m)",
    "51 - 54kg (bantamweight)",
    "52 - 56kg (lightweight)",
    "52 - 56kg, total (bantamweight)",
    "52 - 57kg (bantamweight)",
    "52 - 57kg (lightweight)",
    "52.16 - 56.7kg (bantamweight)",
    "52.16 - 56.7kg (featherweight)",
    "52.62 - 57.15kg (featherweight)",
    "53.52 - 57.15kg (featherweight)",
    "53kg",
    "54 - 57.15kg (featherweight)",
    "54 - 57kg (featherweight)",
    "54 - 58kg",
    "54 - 58kg (featherweight)",
    "54 - 59kg, total (bantamweight)",
    "54 - 60.3kg (featherweight)",
    "55 - 60kg",
    "55 - 63kg",
    "56 - 60kg, total (featherweight)",
    "56 - 61kg (featherweight)",
    "56 - 61kg (half-middleweight)",
    "56.7 - 61.23kg (featherweight)",
    "56.7 - 61.24kg (lightweight)",
    "56kg",
    "56lb weight throw (25.4kg)",
    "57 - 60kg (lightweight)",
    "57 - 61kg (featherweight)",
    "57 - 62kg (featherweight)",
    "57 - 63kg (featherweight)",
    "57 - 63kg (half-middleweight)",
    "57 - 67 kg",
    "57.15 - 61.24kg (lightweight)",
    "57.15 - 63.5kg (lightweight)",
    "58 - 60kg (featherweight)",
    "58 - 62kg (featherweight)",
    "58 - 62kg (lightweight)",
    "58 - 63kg",
    "58 - 68 kg",
    "58kg",
    "59 - 64kg, total (featherweight)",
    "6.5m (rating 1919)",
    "60 - 63.5kg (light-welterweight)",
    "60 - 64 kg",
    "60 - 65kg (half-lightweight)",
    "60 - 66kg",
    "60 - 66kg (half-lightweight)",
    "60 - 67.5kg (lightweight)",
    "60 - 67.5kg, one-two hand 3 events (lightweight)",
    "60 - 67.5kg, one-two hand 5 events (lightweight)",
    "60 - 67.5kg, total (lightweight)",
    "60.3 - 66.6kg (lightweight)",
    "600m free rifle",
    "600m free rifle, individual",
    "600m free rifle, prone",
    "600m free rifle, team",
    "60m",
    "61 - 66kg (lightweight)",
    "61 - 66kg (middleweight)",
    "61 - 67kg (lightweight)",
    "61.23 - 65.77kg (lightweight)",
    "61.24 - 65.77kg (welterweight)",
    "61.24 - 66.68kg (welterweight)",
    "62 - 67.5kg (lightweight)",
    "62 - 67kg (welterweight)",
    "62 - 68kg (lightweight)",
    "62kg",
    "63 - 67kg (lightweight)",
    "63 - 69kg",
    "63 - 70kg (half-middleweight)",
    "63 - 70kg (lightweight)",
    "63 - 70kg (middleweight)",
    "63 - 72kg",
    "63.5 - 67kg (welterweight)",
    "63.5 - 71.67kg (middleweight)",
    "63kg",
    "64 - 69 kg",
    "64 - 70kg, total (lightweight)",
    "65 - 71kg (lightweight)",
    "65.77 - 71.67kg (middleweight)",
    "65.77 - 71.67kg (welterweight)",
    "66 - 72kg (half-heavyweight)",
    "66 - 72kg (welterweight)",
    "66 - 73kg (lightweight)",
    "66 - 74kg",
    "66.6 - 73kg (middleweight)",
    "66.68 - 72.57kg (middleweight)",
    "67 - 71kg (light-middleweight)",
    "67 - 73kg (middleweight)",
    "67 - 73kg (welterweight)",
    "67.5 - 75kg (middleweight)",
    "67.5 - 75kg, one-two hand 3 events (middleweight)",
    "67.5 - 75kg, one-two hand 5 events (middleweight)",
    "67.5 - 75kg, total (middleweight)",
    "68 - 74kg (welterweight)",
    "68 - 80 kg",
    "68 - 80kg (middleweight)",
    "69 - 75 kg",
    "69 - 76kg",
    "69kg",
    "6m",
    "6m (rating 1907)",
    "6m (rating 1919)",
    "70 - 76kg, total (middleweight)",
    "70 - 78kg (half-heavyweight)",
    "70 - 78kg (welterweight)",
    "70 - 80kg (middleweight)",
    "71 - 78kg (half-middleweight)",
    "71-75kg",
    "72 - 79kg (middleweight)",
    "72.57 - 79.38kg (light-heavyweight)",
    "73 - 79kg (middleweight)",
    "73 - 80kg (light-heavyweight)",
    "73 - 81kg (half-middleweight)",
    "73 - 93kg (light-heavyweight)",
    "74 - 82kg (middleweight)",
    "74 - 84kg",
    "75 - 80kg (light-heavyweight)",
    "75 - 81kg (light-heavyweight)",
    "75 - 82.5kg (light-heavyweight)",
    "75 - 82.5kg, one-two hand 3 e. (light-heavyweight)",
    "75 - 82.5kg, one-two hand 5 e. (light-heavyweight)",
    "75 - 82.5kg, total (light-heavyweight)",
    "75 - 82kg (light-heavyweight)",
    "75kg",
    "76 - 83kg, total (light-heavyweight)",
    "76 - 85kg",
    "77kg",
    "78 - 86kg (middleweight)",
    "78 - 87kg (middleweight)",
    "79 - 87kg (light-heavyweight)",
    "7m",
    "80 - 93kg (half-heavyweight)",
    "800m",
    "800m freestyle",
    "80m hurdles",
    "81 - 90kg (middleweight)",
    "81 - 91kg (heavyweight)",
    "82 - 90kg (light-heavyweight)",
    "82.5 - 90kg, total (middle-heavyweight)",
    "83 - 91kg, total (middle-heavyweight)",
    "84 - 96kg",
    "85 - 97kg",
    "85kg",
    "86 - 95kg (half-heavyweight)",
    "87 - 97kg (light-heavyweight)",
    "880y freestyle (804.66m)",
    "8m",
    "8m (rating 1907)",
    "8m (rating 1919)",
    "8m class C",
    "90 - 100kg (half-heavyweight)",
    "90 - 100kg (heavyweight)",
    "90 - 100kg, total (first-heavyweight)",
    "91 - 110kg, total (heavyweight)",
    "91 - 99kg, total (first-heavyweight)",
    "94kg",
    "96 - 120kg",
    "97 - 130kg",
    "99 - 108kg, total (heavyweight)",
    "C-1 (canoe single)",
    "C-1 10000m",
    "C-1 1000m (canoe single)",
    "C-1 500m (canoe single)",
    "C-2 (canoe double)",
    "C-2 10000m",
    "C-2 1000m (canoe double)",
    "C-2 500m (canoe double)",
    "Finn - Heavyweight Dinghy",
    "Individual",
    "Individual Pursuit",
    "Individual competition",
    "K-1 (kayak single)",
    "K-1 10000m",
    "K-1 1000m (kayak single)",
    "K-1 4x500m",
    "K-1 500m (kayak single)",
    "K-2 10000m",
    "K-2 1000m (kayak double)",
    "K-2 500m (kayak double)",
    "K-4 1000m (kayak four)",
    "K-4 500m (kayak four)",
    "Keirin",
    "Laser - One Person Dinghy",
    "Laser Radial - One Person Dinghy",
    "Madison",
    "Olympic Sprint",
    "One lap (660y) sprint",
    "Points Race",
    "RS:X - Windsurfer",
    "Sidehorse vault",
    "Sprint indivual",
    "Star - Keelboat",
    "Team Pursuit (4000m)",
    "Team Sprint",
    "Team competition",
    "Tornado - Multihull",
    "Yngling - Keelboat",
    "all-around Dumbbell contest",
    "army rifle, 200m",
    "army rifle, 300m",
    "army rifle, 300m, 3 positions",
    "army rifle, 300m, kneeling",
    "army rifle, 300m, prone",
    "army rifle, 300m, standing",
    "au chapelet, 33m",
    "au chapelet, 50m",
    "au cordon doré, 33m",
    "au cordon doré, 50m",
    "balance beam",
    "baseball",
    "basketball",
    "beach volleyball",
    "board (Mistral)",
    "board (division II)",
    "board (lechner)",
    "board (windglider)",
    "cesta punta",
    "class B up to 60 feet",
    "clay pigeons, team",
    "club swinging",
    "combined 3 events",
    "combined 4 events",
    "continental style 50m",
    "coxed fours Jugriggers",
    "coxless four (4-)",
    "coxless pair (2-)",
    "cricket",
    "cross country individual",
    "cross country team",
    "cross-country",
    "decathlon",
    "discus throw",
    "discus throw ancient style",
    "discus throw, both hands",
    "double",
    "double american round (60y - 50y - 40y)",
    "double columbia round (50y - 40y - 30y)",
    "double national round (60y - 50y)",
    "double sculls (2x)",
    "double trap (120 targets)",
    "double trap (150 targets)",
    "double york round (100y - 80y - 60y)",
    "doubles",
    "doubles indoor",
    "dragon",
    "duet",
    "eight with coxswain (8+)",
    "figure riding individual",
    "figure riding team",
    "firefly class",
    "fixed bird target large birds",
    "fixed bird target large birds teams",
    "fixed bird target small bird, teams",
    "fixed bird target small birds",
    "fleet/match race keelboat open (Soling)",
    "floor exercises",
    "flying dutchman",
    "foil individual",
    "foil team",
    "foil, masters",
    "folding K-1 10000m",
    "folding K-2 10000m",
    "football",
    "four without coxswain (4-)",
    "four-oared shell with coxswain (4-)",
    "free rifle, team",
    "group competition",
    "hammer throw",
    "handball",
    "heavyweight - one hand lift",
    "heavyweight - two hand lift",
    "heptathlon",
    "high jump",
    "high jump, standing",
    "hockey",
    "horizontal bar",
    "ice hockey",
    "indian clubs",
    "individual",
    "individual (FITA Olympic round - 70m)",
    "individual 1 ball",
    "individual 2 balls",
    "individual FITA round",
    "individual all-round",
    "individual pursuit",
    "individual road race",
    "individual time trial",
    "javelin throw",
    "javelin throw freestyle",
    "javelin throw, both hands",
    "lacrosse",
    "lightweight coxless four (4-)",
    "lightweight double sculls (2x)",
    "long jump",
    "long jump individual",
    "long jump, standing",
    "marathon",
    "marathon 10km",
    "mixed doubles",
    "mixed doubles indoor",
    "moving bird target 28m teams",
    "moving bird target 33m teams",
    "moving bird target 50m teams",
    "moving bird target, 28m",
    "moving bird target, 33m",
    "moving bird target, 50m",
    "national round (60y - 50y)",
    "olympic class monotype",
    "open category",
    "open class",
    "open class A",
    "open event",
    "pair without coxswain (2-)",
    "pair-oared shell with coxswain (2+)",
    "pairs",
    "parallel bars",
    "pentathlon",
    "plain high diving",
    "plunge for distance",
    "points race",
    "pole vault",
    "polo",
    "pommel horse",
    "quadruple sculls with coxswain (4x)",
    "quadruple sculls without coxswain (4x)",
    "rifle, team",
    "rings",
    "rope climbing",
    "rugby",
    "sabre individual",
    "sabre team",
    "sabre, masters",
    "sharpie 12m2",
    "shot put",
    "shot put, both hands",
    "single sculls (1x)",
    "single-handed dinghy (Europe)",
    "single-handed dinghy (Finn)",
    "single-handed dinghy open (Laser)",
    "singles",
    "singles indoor",
    "skeet (125 targets)",
    "skeet (75 targets)",
    "softball",
    "solo",
    "special figures",
    "sprint",
    "stick, single",
    "sur la perche à la herse",
    "sur la perche à la pyramide",
    "swallow (golondrina)",
    "synchronized diving 10m platform",
    "synchronized diving 3m springboard",
    "team",
    "team (FITA Olympic round - 70m)",
    "team competition",
    "team round 60y",
    "team time trial",
    "team, Swedish system",
    "team, free system",
    "team, horizontal bar",
    "team, parallel bars",
    "team, portable apparatus",
    "teams FITA round",
    "tempest",
    "trap (125 targets)",
    "trap (75 targets)",
    "triathlon (long jump / shot put / 100 yards)",
    "triple jump",
    "triple jump, standing",
    "tug of war",
    "tumbling",
    "two-person keelboat open (Star)",
    "underwater swimming",
    "uneven bars",
    "vault",
    "volleyball",
    "water polo",
    "york round (100y - 80y - 60y)",
    "épée individual",
    "épée team",
    "épée, amateurs and masters",
    "épée, masters"
  ],
  "sports": [
    "Aquatics",
    "Archery",
    "Athletics",
    "Badminton",
    "Baseball",
    "Basketball",
    "Basque Pelota",
    "Boxing",
    "Canoe / Kayak",
    "Cricket",
    "Croquet",
    "Cycling",
    "Equestrian",
    "Fencing",
    "Football",
    "Golf",
    "Gymnastics",
    "Handball",
    "Hockey",
    "Ice Hockey",
    "Jeu de paume",
    "Judo",
    "Lacrosse",
    "Modern Pentathlon",
    "Polo",
    "Rackets",
    "Roque",
    "Rowing",
    "Rugby",
    "Sailing",
    "Shooting",
    "Skating",
    "Softball",
    "Table Tennis",
    "Taekwondo",
    "Tennis",
    "Triathlon",
    "Tug of War",
    "Volleyball",
    "Water Motorsports",
    "Weightlifting",
    "Wrestling"
  ],
  "genders": [
    "Men",
    "Women"
  ],
  "eventGenders": [
    "M",
    "W",
    "X"
  ],
  "colors": [
    "Gold",
    "Silver",
    "Bronze"
  ]
}
