[
  {
    "id": "844",
    "lastName": "Alexander",
    "firstName": "Jason",
    "dateOfBirth": "19590923",
    "dateOfDeath": ""
  },
  {
    "id": "974",
    "lastName": "Allen",
    "firstName": "Debbie",
    "dateOfBirth": "19500116",
    "dateOfDeath": ""
  },
  {
    "id": "1019",
    "lastName": "Allen",
    "firstName": "Woody",
    "dateOfBirth": "19351201",
    "dateOfDeath": ""
  },
  {
    "id": "1141",
    "lastName": "Altman",
    "firstName": "Robert",
    "dateOfBirth": "19250220",
    "dateOfDeath": ""
  },
  {
    "id": "1295",
    "lastName": "Amiel",
    "firstName": "Jon",
    "dateOfBirth": "19480520",
    "dateOfDeath": ""
  },
  {
    "id": "1386",
    "lastName": "Anders",
    "firstName": "Allison",
    "dateOfBirth": "19541116",
    "dateOfDeath": ""
  },
  {
    "id": "1700",
    "lastName": "Annaud",
    "firstName": "Jean-Jacques",
    "dateOfBirth": "19431001",
    "dateOfDeath": ""
  },
  {
    "id": "1733",
    "lastName": "Anspaugh",
    "firstName": "David",
    "dateOfBirth": "19460924",
    "dateOfDeath": ""
  },
  {
    "id": "1785",
    "lastName": "Antonijevic",
    "firstName": "Predrag",
    "dateOfBirth": "19590207",
    "dateOfDeath": ""
  },
  {
    "id": "1910",
    "lastName": "Araki",
    "firstName": "Gregg",
    "dateOfBirth": "19591217",
    "dateOfDeath": ""
  },
  {
    "id": "1921",
    "lastName": "Aranda",
    "firstName": "Vicente",
    "dateOfBirth": "19261109",
    "dateOfDeath": ""
  },
  {
    "id": "1939",
    "lastName": "Arau",
    "firstName": "Alfonso",
    "dateOfBirth": "19320111",
    "dateOfDeath": ""
  },
  {
    "id": "1959",
    "lastName": "Arcand",
    "firstName": "Denys",
    "dateOfBirth": "19410625",
    "dateOfDeath": ""
  },
  {
    "id": "2097",
    "lastName": "Arkush",
    "firstName": "Allan",
    "dateOfBirth": "19480430",
    "dateOfDeath": ""
  },
  {
    "id": "2153",
    "lastName": "Armstrong",
    "firstName": "Gillian",
    "dateOfBirth": "19501218",
    "dateOfDeath": ""
  },
  {
    "id": "2265",
    "lastName": "Aronofsky",
    "firstName": "Darren",
    "dateOfBirth": "19690212",
    "dateOfDeath": ""
  },
  {
    "id": "2324",
    "lastName": "Arthur",
    "firstName": "Karen",
    "dateOfBirth": "19410824",
    "dateOfDeath": ""
  },
  {
    "id": "2690",
    "lastName": "August",
    "firstName": "Bille",
    "dateOfBirth": "19481109",
    "dateOfDeath": ""
  },
  {
    "id": "2729",
    "lastName": "Auster",
    "firstName": "Paul",
    "dateOfBirth": "19470203",
    "dateOfDeath": ""
  },
  {
    "id": "2781",
    "lastName": "Avary",
    "firstName": "Roger",
    "dateOfBirth": "19650823",
    "dateOfDeath": ""
  },
  {
    "id": "2817",
    "lastName": "Avnet",
    "firstName": "Jon",
    "dateOfBirth": "19491117",
    "dateOfDeath": ""
  },
  {
    "id": "3035",
    "lastName": "Bacon",
    "firstName": "Kevin",
    "dateOfBirth": "19580708",
    "dateOfDeath": ""
  },
  {
    "id": "3066",
    "lastName": "Badham",
    "firstName": "John",
    "dateOfBirth": "19390825",
    "dateOfDeath": ""
  },
  {
    "id": "3177",
    "lastName": "Bailey",
    "firstName": "John",
    "dateOfBirth": "19420810",
    "dateOfDeath": ""
  },
  {
    "id": "3317",
    "lastName": "Balaban",
    "firstName": "Bob",
    "dateOfBirth": "19450816",
    "dateOfDeath": ""
  },
  {
    "id": "3356",
    "lastName": "Balderson",
    "firstName": "Steve",
    "dateOfBirth": "19750119",
    "dateOfDeath": ""
  },
  {
    "id": "3654",
    "lastName": "Barba",
    "firstName": "Norberto",
    "dateOfBirth": "19630912",
    "dateOfDeath": ""
  },
  {
    "id": "3787",
    "lastName": "Barker",
    "firstName": "Clive",
    "dateOfBirth": "19521005",
    "dateOfDeath": ""
  },
  {
    "id": "3926",
    "lastName": "Barreto",
    "firstName": "Bruno",
    "dateOfBirth": "19550316",
    "dateOfDeath": ""
  },
  {
    "id": "4002",
    "lastName": "Barroso",
    "firstName": "Mariano",
    "dateOfBirth": "19591226",
    "dateOfDeath": ""
  },
  {
    "id": "4417",
    "lastName": "Bay",
    "firstName": "Michael",
    "dateOfBirth": "19650217",
    "dateOfDeath": ""
  },
  {
    "id": "5114",
    "lastName": "Benigni",
    "firstName": "Roberto",
    "dateOfBirth": "19521027",
    "dateOfDeath": ""
  },
  {
    "id": "5128",
    "lastName": "Benjamin",
    "firstName": "Richard",
    "dateOfBirth": "19380522",
    "dateOfDeath": ""
  },
  {
    "id": "5283",
    "lastName": "Bercovici",
    "firstName": "Luca",
    "dateOfBirth": "19570222",
    "dateOfDeath": ""
  },
  {
    "id": "5301",
    "lastName": "Beresford",
    "firstName": "Bruce",
    "dateOfBirth": "19400816",
    "dateOfDeath": ""
  },
  {
    "id": "5395",
    "lastName": "Bergman",
    "firstName": "Andrew",
    "dateOfBirth": "19450220",
    "dateOfDeath": ""
  },
  {
    "id": "5468",
    "lastName": "Berliner",
    "firstName": "Alain",
    "dateOfBirth": "19630221",
    "dateOfDeath": ""
  },
  {
    "id": "5563",
    "lastName": "Bernstein",
    "firstName": "Adam",
    "dateOfBirth": "19600507",
    "dateOfDeath": ""
  },
  {
    "id": "5592",
    "lastName": "Berri",
    "firstName": "Claude",
    "dateOfBirth": "19340701",
    "dateOfDeath": ""
  },
  {
    "id": "5661",
    "lastName": "Bertolucci",
    "firstName": "Bernardo",
    "dateOfBirth": "19410316",
    "dateOfDeath": ""
  },
  {
    "id": "5924",
    "lastName": "Bigelow",
    "firstName": "Kathryn",
    "dateOfBirth": "19511127",
    "dateOfDeath": ""
  },
  {
    "id": "6589",
    "lastName": "Bluth",
    "firstName": "Don",
    "dateOfBirth": "19370913",
    "dateOfDeath": ""
  },
  {
    "id": "6895",
    "lastName": "Bologna",
    "firstName": "Joseph",
    "dateOfBirth": "19341230",
    "dateOfDeath": ""
  },
  {
    "id": "7100",
    "lastName": "Boorman",
    "firstName": "John",
    "dateOfBirth": "19330118",
    "dateOfDeath": ""
  },
  {
    "id": "7240",
    "lastName": "Bornedal",
    "firstName": "Ole",
    "dateOfBirth": "19590526",
    "dateOfDeath": ""
  },
  {
    "id": "7624",
    "lastName": "Boyd",
    "firstName": "Don",
    "dateOfBirth": "19480811",
    "dateOfDeath": ""
  },
  {
    "id": "7650",
    "lastName": "Boyle",
    "firstName": "Danny",
    "dateOfBirth": "19561020",
    "dateOfDeath": ""
  },
  {
    "id": "7660",
    "lastName": "Boyum",
    "firstName": "Steve",
    "dateOfBirth": "19520904",
    "dateOfDeath": ""
  },
  {
    "id": "7807",
    "lastName": "Branagh",
    "firstName": "Kenneth",
    "dateOfBirth": "19601210",
    "dateOfDeath": ""
  },
  {
    "id": "8122",
    "lastName": "Brest",
    "firstName": "Martin",
    "dateOfBirth": "19510808",
    "dateOfDeath": ""
  },
  {
    "id": "8244",
    "lastName": "Bright",
    "firstName": "Matthew",
    "dateOfBirth": "19520608",
    "dateOfDeath": ""
  },
  {
    "id": "8405",
    "lastName": "Broderick",
    "firstName": "Matthew",
    "dateOfBirth": "19620321",
    "dateOfDeath": ""
  },
  {
    "id": "8516",
    "lastName": "Brooks",
    "firstName": "Adam",
    "dateOfBirth": "19560903",
    "dateOfDeath": ""
  },
  {
    "id": "8517",
    "lastName": "Brooks",
    "firstName": "Albert",
    "dateOfBirth": "19470722",
    "dateOfDeath": ""
  },
  {
    "id": "8553",
    "lastName": "Broomfield",
    "firstName": "Nick",
    "dateOfBirth": "19480130",
    "dateOfDeath": ""
  },
  {
    "id": "8570",
    "lastName": "Bross",
    "firstName": "Eric",
    "dateOfBirth": "19640121",
    "dateOfDeath": ""
  },
  {
    "id": "9152",
    "lastName": "Burdis",
    "firstName": "Ray",
    "dateOfBirth": "19580823",
    "dateOfDeath": ""
  },
  {
    "id": "9255",
    "lastName": "Burnett",
    "firstName": "Charles",
    "dateOfBirth": "19440413",
    "dateOfDeath": ""
  },
  {
    "id": "9354",
    "lastName": "Burton",
    "firstName": "LeVar",
    "dateOfBirth": "19570216",
    "dateOfDeath": ""
  },
  {
    "id": "9358",
    "lastName": "Burton",
    "firstName": "Tim",
    "dateOfBirth": "19580825",
    "dateOfDeath": ""
  },
  {
    "id": "9373",
    "lastName": "Buscemi",
    "firstName": "Steve",
    "dateOfBirth": "19571213",
    "dateOfDeath": ""
  },
  {
    "id": "9666",
    "lastName": "Cage",
    "firstName": "Nicolas",
    "dateOfBirth": "19640107",
    "dateOfDeath": ""
  },
  {
    "id": "9879",
    "lastName": "Cameron",
    "firstName": "James",
    "dateOfBirth": "19540816",
    "dateOfDeath": ""
  },
  {
    "id": "9970",
    "lastName": "Campion",
    "firstName": "Jane",
    "dateOfBirth": "19540430",
    "dateOfDeath": ""
  },
  {
    "id": "10607",
    "lastName": "Caruso",
    "firstName": "D.J.",
    "dateOfBirth": "19650117",
    "dateOfDeath": ""
  },
  {
    "id": "10721",
    "lastName": "Cassavetes",
    "firstName": "Nick",
    "dateOfBirth": "19590521",
    "dateOfDeath": ""
  },
  {
    "id": "11198",
    "lastName": "Chan",
    "firstName": "Jackie",
    "dateOfBirth": "19540407",
    "dateOfDeath": ""
  },
  {
    "id": "11487",
    "lastName": "Chelsom",
    "firstName": "Peter",
    "dateOfBirth": "19560420",
    "dateOfDeath": ""
  },
  {
    "id": "11497",
    "lastName": "Chen",
    "firstName": "Kaige",
    "dateOfBirth": "19520812",
    "dateOfDeath": ""
  },
  {
    "id": "11728",
    "lastName": "Cholodenko",
    "firstName": "Lisa",
    "dateOfBirth": "19640605",
    "dateOfDeath": ""
  },
  {
    "id": "11752",
    "lastName": "Chow",
    "firstName": "Stephen",
    "dateOfBirth": "19620622",
    "dateOfDeath": ""
  },
  {
    "id": "11924",
    "lastName": "Ciccoritti",
    "firstName": "Jerry",
    "dateOfBirth": "19560805",
    "dateOfDeath": ""
  },
  {
    "id": "11951",
    "lastName": "Cimino",
    "firstName": "Michael",
    "dateOfBirth": "19431116",
    "dateOfDeath": ""
  },
  {
    "id": "12195",
    "lastName": "Clements",
    "firstName": "Ron",
    "dateOfBirth": "19530425",
    "dateOfDeath": ""
  },
  {
    "id": "12389",
    "lastName": "Coen",
    "firstName": "Ethan",
    "dateOfBirth": "19570921",
    "dateOfDeath": ""
  },
  {
    "id": "12391",
    "lastName": "Coen",
    "firstName": "Joel",
    "dateOfBirth": "19541129",
    "dateOfDeath": ""
  },
  {
    "id": "12429",
    "lastName": "Cohen",
    "firstName": "Rob",
    "dateOfBirth": "19490312",
    "dateOfDeath": ""
  },
  {
    "id": "12650",
    "lastName": "Columbus",
    "firstName": "Chris",
    "dateOfBirth": "19580910",
    "dateOfDeath": ""
  },
  {
    "id": "12933",
    "lastName": "Cook",
    "firstName": "Fielder",
    "dateOfBirth": "19230309",
    "dateOfDeath": ""
  },
  {
    "id": "12972",
    "lastName": "Coolidge",
    "firstName": "Martha",
    "dateOfBirth": "19460817",
    "dateOfDeath": ""
  },
  {
    "id": "13066",
    "lastName": "Coppola",
    "firstName": "Christopher",
    "dateOfBirth": "19620125",
    "dateOfDeath": ""
  },
  {
    "id": "13074",
    "lastName": "Coraci",
    "firstName": "Frank",
    "dateOfBirth": "19660203",
    "dateOfDeath": ""
  },
  {
    "id": "13219",
    "lastName": "Corrente",
    "firstName": "Michael",
    "dateOfBirth": "19590406",
    "dateOfDeath": ""
  },
  {
    "id": "13606",
    "lastName": "Cranston",
    "firstName": "Bryan",
    "dateOfBirth": "19560307",
    "dateOfDeath": ""
  },
  {
    "id": "13615",
    "lastName": "Craven",
    "firstName": "Wes",
    "dateOfBirth": "19390802",
    "dateOfDeath": ""
  },
  {
    "id": "13742",
    "lastName": "Cristofer",
    "firstName": "Michael",
    "dateOfBirth": "19450122",
    "dateOfDeath": ""
  },
  {
    "id": "13806",
    "lastName": "Cronenberg",
    "firstName": "David",
    "dateOfBirth": "19430315",
    "dateOfDeath": ""
  },
  {
    "id": "13885",
    "lastName": "Crowe",
    "firstName": "Cameron",
    "dateOfBirth": "19570713",
    "dateOfDeath": ""
  },
  {
    "id": "13970",
    "lastName": "Cube",
    "firstName": "Ice",
    "dateOfBirth": "19690615",
    "dateOfDeath": ""
  },
  {
    "id": "13987",
    "lastName": "Cuesta",
    "firstName": "Michael",
    "dateOfBirth": "19630708",
    "dateOfDeath": ""
  },
  {
    "id": "14629",
    "lastName": "Daniels",
    "firstName": "Jeff",
    "dateOfBirth": "19550219",
    "dateOfDeath": ""
  },
  {
    "id": "14683",
    "lastName": "Dante",
    "firstName": "Joe",
    "dateOfBirth": "19461128",
    "dateOfDeath": ""
  },
  {
    "id": "14803",
    "lastName": "Dash",
    "firstName": "Julie",
    "dateOfBirth": "19521022",
    "dateOfDeath": ""
  },
  {
    "id": "14893",
    "lastName": "Davidson",
    "firstName": "Boaz",
    "dateOfBirth": "19430811",
    "dateOfDeath": ""
  },
  {
    "id": "15167",
    "lastName": "Debrauwer",
    "firstName": "Lieven",
    "dateOfBirth": "19690415",
    "dateOfDeath": ""
  },
  {
    "id": "15201",
    "lastName": "DeCoteau",
    "firstName": "David",
    "dateOfBirth": "19620105",
    "dateOfDeath": ""
  },
  {
    "id": "15310",
    "lastName": "DelaBarre",
    "firstName": "Eric",
    "dateOfBirth": "19650502",
    "dateOfDeath": ""
  },
  {
    "id": "15486",
    "lastName": "Demme",
    "firstName": "Jonathan",
    "dateOfBirth": "19440222",
    "dateOfDeath": ""
  },
  {
    "id": "15488",
    "lastName": "Demme",
    "firstName": "Ted",
    "dateOfBirth": "19631026",
    "dateOfDeath": "20020113"
  },
  {
    "id": "15800",
    "lastName": "Devilliers",
    "firstName": "Rocco",
    "dateOfBirth": "19700118",
    "dateOfDeath": ""
  },
  {
    "id": "15809",
    "lastName": "DeVito",
    "firstName": "Danny",
    "dateOfBirth": "19441117",
    "dateOfDeath": ""
  },
  {
    "id": "16468",
    "lastName": "Donaldson",
    "firstName": "Roger",
    "dateOfBirth": "19451115",
    "dateOfDeath": ""
  },
  {
    "id": "16530",
    "lastName": "Donner",
    "firstName": "Richard",
    "dateOfBirth": "19300424",
    "dateOfDeath": ""
  },
  {
    "id": "17164",
    "lastName": "Dugan",
    "firstName": "Dennis",
    "dateOfBirth": "19460905",
    "dateOfDeath": ""
  },
  {
    "id": "17180",
    "lastName": "Duigan",
    "firstName": "John",
    "dateOfBirth": "19490619",
    "dateOfDeath": ""
  },
  {
    "id": "17344",
    "lastName": "Dunne",
    "firstName": "Griffin",
    "dateOfBirth": "19550608",
    "dateOfDeath": ""
  },
  {
    "id": "17598",
    "lastName": "Dzhordzhadze",
    "firstName": "Nana",
    "dateOfBirth": "19480824",
    "dateOfDeath": ""
  },
  {
    "id": "17677",
    "lastName": "Eastwood",
    "firstName": "Clint",
    "dateOfBirth": "19300531",
    "dateOfDeath": ""
  },
  {
    "id": "17784",
    "lastName": "Edel",
    "firstName": "Uli",
    "dateOfBirth": "19470411",
    "dateOfDeath": ""
  },
  {
    "id": "17950",
    "lastName": "Egoyan",
    "firstName": "Atom",
    "dateOfBirth": "19600719",
    "dateOfDeath": ""
  },
  {
    "id": "18124",
    "lastName": "Elfont",
    "firstName": "Harry",
    "dateOfBirth": "19680405",
    "dateOfDeath": ""
  },
  {
    "id": "18308",
    "lastName": "Elton",
    "firstName": "Ben",
    "dateOfBirth": "19590503",
    "dateOfDeath": ""
  },
  {
    "id": "18363",
    "lastName": "Emmerich",
    "firstName": "Roland",
    "dateOfBirth": "19551110",
    "dateOfDeath": ""
  },
  {
    "id": "18522",
    "lastName": "Ephron",
    "firstName": "Nora",
    "dateOfBirth": "19410519",
    "dateOfDeath": ""
  },
  {
    "id": "18739",
    "lastName": "Estevez",
    "firstName": "Emilio",
    "dateOfBirth": "19620512",
    "dateOfDeath": ""
  },
  {
    "id": "19073",
    "lastName": "Fall",
    "firstName": "Jim",
    "dateOfBirth": "19621213",
    "dateOfDeath": ""
  },
  {
    "id": "19099",
    "lastName": "Fancher",
    "firstName": "Hampton",
    "dateOfBirth": "19380718",
    "dateOfDeath": ""
  },
  {
    "id": "19255",
    "lastName": "Farrelly",
    "firstName": "Peter",
    "dateOfBirth": "19561217",
    "dateOfDeath": ""
  },
  {
    "id": "19322",
    "lastName": "Favreau",
    "firstName": "Jon",
    "dateOfBirth": "19661019",
    "dateOfDeath": ""
  },
  {
    "id": "19615",
    "lastName": "Ferrara",
    "firstName": "Abel",
    "dateOfBirth": "19520711",
    "dateOfDeath": ""
  },
  {
    "id": "19672",
    "lastName": "Ferriola",
    "firstName": "Darin",
    "dateOfBirth": "19700121",
    "dateOfDeath": ""
  },
  {
    "id": "19763",
    "lastName": "Field",
    "firstName": "Todd",
    "dateOfBirth": "19640224",
    "dateOfDeath": ""
  },
  {
    "id": "19819",
    "lastName": "Figgis",
    "firstName": "Mike",
    "dateOfBirth": "19480228",
    "dateOfDeath": ""
  },
  {
    "id": "19906",
    "lastName": "Fine",
    "firstName": "Travis",
    "dateOfBirth": "19680626",
    "dateOfDeath": ""
  },
  {
    "id": "19992",
    "lastName": "Firstenberg",
    "firstName": "Sam",
    "dateOfBirth": "19500313",
    "dateOfDeath": ""
  },
  {
    "id": "20031",
    "lastName": "Fishburne",
    "firstName": "Laurence",
    "dateOfBirth": "19610730",
    "dateOfDeath": ""
  },
  {
    "id": "20532",
    "lastName": "Forman",
    "firstName": "Milos",
    "dateOfBirth": "19320218",
    "dateOfDeath": ""
  },
  {
    "id": "20777",
    "lastName": "Frakes",
    "firstName": "Jonathan",
    "dateOfBirth": "19520819",
    "dateOfDeath": ""
  },
  {
    "id": "20914",
    "lastName": "Frankenheimer",
    "firstName": "John",
    "dateOfBirth": "19300219",
    "dateOfDeath": "20020706"
  },
  {
    "id": "20925",
    "lastName": "Franklin",
    "firstName": "Carl",
    "dateOfBirth": "19490411",
    "dateOfDeath": ""
  },
  {
    "id": "21019",
    "lastName": "Frears",
    "firstName": "Stephen",
    "dateOfBirth": "19410620",
    "dateOfDeath": ""
  },
  {
    "id": "21215",
    "lastName": "Friedkin",
    "firstName": "William",
    "dateOfBirth": "19390829",
    "dateOfDeath": ""
  },
  {
    "id": "21343",
    "lastName": "Frost",
    "firstName": "Lee",
    "dateOfBirth": "19350814",
    "dateOfDeath": ""
  },
  {
    "id": "21739",
    "lastName": "Gale",
    "firstName": "Bob",
    "dateOfBirth": "19510525",
    "dateOfDeath": ""
  },
  {
    "id": "21844",
    "lastName": "Gallo",
    "firstName": "Fred",
    "dateOfBirth": "19650112",
    "dateOfDeath": ""
  },
  {
    "id": "22127",
    "lastName": "Garris",
    "firstName": "Mick",
    "dateOfBirth": "19511204",
    "dateOfDeath": ""
  },
  {
    "id": "22835",
    "lastName": "Gil",
    "firstName": "Mateo",
    "dateOfBirth": "19720923",
    "dateOfDeath": ""
  },
  {
    "id": "22914",
    "lastName": "Gillard",
    "firstName": "Stuart",
    "dateOfBirth": "19500428",
    "dateOfDeath": ""
  },
  {
    "id": "23050",
    "lastName": "Giovinazzo",
    "firstName": "Buddy",
    "dateOfBirth": "19570505",
    "dateOfDeath": ""
  },
  {
    "id": "23356",
    "lastName": "Goeres",
    "firstName": "Bryan",
    "dateOfBirth": "19691208",
    "dateOfDeath": ""
  },
  {
    "id": "23490",
    "lastName": "Goldwyn",
    "firstName": "Tony",
    "dateOfBirth": "19600520",
    "dateOfDeath": ""
  },
  {
    "id": "23701",
    "lastName": "Gordon",
    "firstName": "Keith",
    "dateOfBirth": "19610203",
    "dateOfDeath": ""
  },
  {
    "id": "23716",
    "lastName": "Gordon",
    "firstName": "Stuart",
    "dateOfBirth": "19470811",
    "dateOfDeath": ""
  },
  {
    "id": "24332",
    "lastName": "Greenwald",
    "firstName": "Maggie",
    "dateOfBirth": "19550623",
    "dateOfDeath": ""
  },
  {
    "id": "24374",
    "lastName": "Greggio",
    "firstName": "Ezio",
    "dateOfBirth": "19540407",
    "dateOfDeath": ""
  },
  {
    "id": "25084",
    "lastName": "Gyllenhaal",
    "firstName": "Stephen",
    "dateOfBirth": "19491004",
    "dateOfDeath": ""
  },
  {
    "id": "25167",
    "lastName": "Hackford",
    "firstName": "Taylor",
    "dateOfBirth": "19451231",
    "dateOfDeath": ""
  },
  {
    "id": "25576",
    "lastName": "Hamilton",
    "firstName": "Strathford",
    "dateOfBirth": "19520920",
    "dateOfDeath": ""
  },
  {
    "id": "25630",
    "lastName": "Hampton",
    "firstName": "Christopher",
    "dateOfBirth": "19460126",
    "dateOfDeath": ""
  },
  {
    "id": "25645",
    "lastName": "Hamrick",
    "firstName": "Lynn",
    "dateOfBirth": "19500510",
    "dateOfDeath": ""
  },
  {
    "id": "25696",
    "lastName": "Haneke",
    "firstName": "Michael",
    "dateOfBirth": "19420323",
    "dateOfDeath": ""
  },
  {
    "id": "25964",
    "lastName": "Harlin",
    "firstName": "Renny",
    "dateOfBirth": "19590315",
    "dateOfDeath": ""
  },
  {
    "id": "26053",
    "lastName": "Harris",
    "firstName": "Ed",
    "dateOfBirth": "19501128",
    "dateOfDeath": ""
  },
  {
    "id": "26182",
    "lastName": "Hartley",
    "firstName": "Hal",
    "dateOfBirth": "19591103",
    "dateOfDeath": ""
  },
  {
    "id": "26325",
    "lastName": "Hastings",
    "firstName": "Ken",
    "dateOfBirth": "19681126",
    "dateOfDeath": ""
  },
  {
    "id": "26582",
    "lastName": "Haynes",
    "firstName": "Todd",
    "dateOfBirth": "19610102",
    "dateOfDeath": ""
  },
  {
    "id": "26692",
    "lastName": "Heche",
    "firstName": "Anne",
    "dateOfBirth": "19690525",
    "dateOfDeath": ""
  },
  {
    "id": "26708",
    "lastName": "Heckerling",
    "firstName": "Amy",
    "dateOfBirth": "19540507",
    "dateOfDeath": ""
  },
  {
    "id": "27195",
    "lastName": "Herek",
    "firstName": "Stephen",
    "dateOfBirth": "19581110",
    "dateOfDeath": ""
  },
  {
    "id": "27455",
    "lastName": "Hickenlooper",
    "firstName": "George",
    "dateOfBirth": "19650525",
    "dateOfDeath": ""
  },
  {
    "id": "27490",
    "lastName": "Hicks",
    "firstName": "Scott",
    "dateOfBirth": "19530304",
    "dateOfDeath": ""
  },
  {
    "id": "27613",
    "lastName": "Hill",
    "firstName": "Walter",
    "dateOfBirth": "19420110",
    "dateOfDeath": ""
  },
  {
    "id": "27835",
    "lastName": "Ho",
    "firstName": "Steven",
    "dateOfBirth": "19730309",
    "dateOfDeath": ""
  },
  {
    "id": "27857",
    "lastName": "Hoblit",
    "firstName": "Gregory",
    "dateOfBirth": "19441127",
    "dateOfDeath": ""
  },
  {
    "id": "27861",
    "lastName": "Hoch",
    "firstName": "Danny",
    "dateOfBirth": "19701123",
    "dateOfDeath": ""
  },
  {
    "id": "28085",
    "lastName": "Holland",
    "firstName": "Agnieszka",
    "dateOfBirth": "19481128",
    "dateOfDeath": ""
  },
  {
    "id": "28320",
    "lastName": "Hooks",
    "firstName": "Kevin",
    "dateOfBirth": "19580919",
    "dateOfDeath": ""
  },
  {
    "id": "28634",
    "lastName": "Howard",
    "firstName": "Ron",
    "dateOfBirth": "19540301",
    "dateOfDeath": ""
  },
  {
    "id": "28772",
    "lastName": "Hudlin",
    "firstName": "Reginald",
    "dateOfBirth": "19611215",
    "dateOfDeath": ""
  },
  {
    "id": "28785",
    "lastName": "Hudson",
    "firstName": "Hugh",
    "dateOfBirth": "19360825",
    "dateOfDeath": ""
  },
  {
    "id": "28959",
    "lastName": "Hunt",
    "firstName": "Bonnie",
    "dateOfBirth": "19640922",
    "dateOfDeath": ""
  },
  {
    "id": "28991",
    "lastName": "Hunter",
    "firstName": "Simon",
    "dateOfBirth": "19690526",
    "dateOfDeath": ""
  },
  {
    "id": "29161",
    "lastName": "Hyams",
    "firstName": "Peter",
    "dateOfBirth": "19430726",
    "dateOfDeath": ""
  },
  {
    "id": "29195",
    "lastName": "Hytner",
    "firstName": "Nicholas",
    "dateOfBirth": "19560507",
    "dateOfDeath": ""
  },
  {
    "id": "29535",
    "lastName": "Irvin",
    "firstName": "John",
    "dateOfBirth": "19400507",
    "dateOfDeath": ""
  },
  {
    "id": "29537",
    "lastName": "Irvin",
    "firstName": "Sam",
    "dateOfBirth": "19560614",
    "dateOfDeath": ""
  },
  {
    "id": "29568",
    "lastName": "Isaac",
    "firstName": "James",
    "dateOfBirth": "19600605",
    "dateOfDeath": ""
  },
  {
    "id": "29587",
    "lastName": "Iscove",
    "firstName": "Robert",
    "dateOfBirth": "19470704",
    "dateOfDeath": ""
  },
  {
    "id": "29665",
    "lastName": "Itier",
    "firstName": "Emmanuel",
    "dateOfBirth": "19670417",
    "dateOfDeath": ""
  },
  {
    "id": "29746",
    "lastName": "Ivory",
    "firstName": "James",
    "dateOfBirth": "19280607",
    "dateOfDeath": ""
  },
  {
    "id": "29838",
    "lastName": "Jackson",
    "firstName": "Mick",
    "dateOfBirth": "19431004",
    "dateOfDeath": ""
  },
  {
    "id": "29840",
    "lastName": "Jackson",
    "firstName": "Peter",
    "dateOfBirth": "19611031",
    "dateOfDeath": ""
  },
  {
    "id": "29941",
    "lastName": "Jaglom",
    "firstName": "Henry",
    "dateOfBirth": "19410126",
    "dateOfDeath": ""
  },
  {
    "id": "30764",
    "lastName": "Jordan",
    "firstName": "Neil",
    "dateOfBirth": "19500225",
    "dateOfDeath": ""
  },
  {
    "id": "30891",
    "lastName": "Judge",
    "firstName": "Mike",
    "dateOfBirth": "19621017",
    "dateOfDeath": ""
  },
  {
    "id": "31242",
    "lastName": "Kaminski",
    "firstName": "Janusz",
    "dateOfBirth": "19590627",
    "dateOfDeath": ""
  },
  {
    "id": "31583",
    "lastName": "Kasdan",
    "firstName": "Lawrence",
    "dateOfBirth": "19490114",
    "dateOfDeath": ""
  },
  {
    "id": "31722",
    "lastName": "Katzenberg",
    "firstName": "Jeffrey",
    "dateOfBirth": "19501221",
    "dateOfDeath": ""
  },
  {
    "id": "31737",
    "lastName": "Kaufman",
    "firstName": "Philip",
    "dateOfBirth": "19361023",
    "dateOfDeath": ""
  },
  {
    "id": "32193",
    "lastName": "Kendall",
    "firstName": "Nicholas",
    "dateOfBirth": "19490425",
    "dateOfDeath": ""
  },
  {
    "id": "33030",
    "lastName": "Kitano",
    "firstName": "Takeshi",
    "dateOfBirth": "19470118",
    "dateOfDeath": ""
  },
  {
    "id": "33147",
    "lastName": "Kleiser",
    "firstName": "Randal",
    "dateOfBirth": "19460720",
    "dateOfDeath": ""
  },
  {
    "id": "33603",
    "lastName": "Konchalovsky",
    "firstName": "Andrei",
    "dateOfBirth": "19370820",
    "dateOfDeath": ""
  },
  {
    "id": "33789",
    "lastName": "Korty",
    "firstName": "John",
    "dateOfBirth": "19360722",
    "dateOfDeath": ""
  },
  {
    "id": "34200",
    "lastName": "Krishtofovich",
    "firstName": "Vyacheslav",
    "dateOfBirth": "19471026",
    "dateOfDeath": ""
  },
  {
    "id": "34261",
    "lastName": "Krooth",
    "firstName": "Caryn",
    "dateOfBirth": "19690201",
    "dateOfDeath": ""
  },
  {
    "id": "34441",
    "lastName": "Kumble",
    "firstName": "Roger",
    "dateOfBirth": "19660528",
    "dateOfDeath": ""
  },
  {
    "id": "34662",
    "lastName": "Kwietniowski",
    "firstName": "Richard",
    "dateOfBirth": "19570317",
    "dateOfDeath": ""
  },
  {
    "id": "34752",
    "lastName": "LaBute",
    "firstName": "Neil",
    "dateOfBirth": "19630319",
    "dateOfDeath": ""
  },
  {
    "id": "34800",
    "lastName": "Ladd",
    "firstName": "Diane",
    "dateOfBirth": "19321129",
    "dateOfDeath": ""
  },
  {
    "id": "34867",
    "lastName": "LaGravenese",
    "firstName": "Richard",
    "dateOfBirth": "19591030",
    "dateOfDeath": ""
  },
  {
    "id": "34883",
    "lastName": "Lahti",
    "firstName": "Christine",
    "dateOfBirth": "19500404",
    "dateOfDeath": ""
  },
  {
    "id": "35115",
    "lastName": "Landis",
    "firstName": "John",
    "dateOfBirth": "19500803",
    "dateOfDeath": ""
  },
  {
    "id": "35199",
    "lastName": "Lang",
    "firstName": "Perry",
    "dateOfBirth": "19591224",
    "dateOfDeath": ""
  },
  {
    "id": "35511",
    "lastName": "Latshaw",
    "firstName": "Steve",
    "dateOfBirth": "19590813",
    "dateOfDeath": ""
  },
  {
    "id": "35726",
    "lastName": "Lawrence",
    "firstName": "Martin",
    "dateOfBirth": "19650416",
    "dateOfDeath": ""
  },
  {
    "id": "35962",
    "lastName": "Lee",
    "firstName": "Ang",
    "dateOfBirth": "19541023",
    "dateOfDeath": ""
  },
  {
    "id": "36029",
    "lastName": "Lee",
    "firstName": "Spike",
    "dateOfBirth": "19570320",
    "dateOfDeath": ""
  },
  {
    "id": "36178",
    "lastName": "Leigh",
    "firstName": "Mike",
    "dateOfBirth": "19430220",
    "dateOfDeath": ""
  },
  {
    "id": "36541",
    "lastName": "Levant",
    "firstName": "Brian",
    "dateOfBirth": "19520806",
    "dateOfDeath": ""
  },
  {
    "id": "36597",
    "lastName": "Levinson",
    "firstName": "Barry",
    "dateOfBirth": "19420406",
    "dateOfDeath": ""
  },
  {
    "id": "36734",
    "lastName": "Liatowitsch",
    "firstName": "Daniel",
    "dateOfBirth": "19710730",
    "dateOfDeath": ""
  },
  {
    "id": "37072",
    "lastName": "Linklater",
    "firstName": "Richard",
    "dateOfBirth": "19600730",
    "dateOfDeath": ""
  },
  {
    "id": "37356",
    "lastName": "Loach",
    "firstName": "Ken",
    "dateOfBirth": "19360617",
    "dateOfDeath": ""
  },
  {
    "id": "37563",
    "lastName": "Loncraine",
    "firstName": "Richard",
    "dateOfBirth": "19461020",
    "dateOfDeath": ""
  },
  {
    "id": "37931",
    "lastName": "Lucas",
    "firstName": "George",
    "dateOfBirth": "19440514",
    "dateOfDeath": ""
  },
  {
    "id": "38015",
    "lastName": "Luhrmann",
    "firstName": "Baz",
    "dateOfBirth": "19620917",
    "dateOfDeath": ""
  },
  {
    "id": "38078",
    "lastName": "Lumet",
    "firstName": "Sidney",
    "dateOfBirth": "19240625",
    "dateOfDeath": ""
  },
  {
    "id": "38189",
    "lastName": "Lurie",
    "firstName": "Rod",
    "dateOfBirth": "19620515",
    "dateOfDeath": ""
  },
  {
    "id": "38301",
    "lastName": "Lynch",
    "firstName": "David",
    "dateOfBirth": "19460120",
    "dateOfDeath": ""
  },
  {
    "id": "38318",
    "lastName": "Lyne",
    "firstName": "Adrian",
    "dateOfBirth": "19410304",
    "dateOfDeath": ""
  },
  {
    "id": "38342",
    "lastName": "Lynn",
    "firstName": "Jonathan",
    "dateOfBirth": "19430403",
    "dateOfDeath": ""
  },
  {
    "id": "38489",
    "lastName": "Macdonald",
    "firstName": "Kevin",
    "dateOfBirth": "19671028",
    "dateOfDeath": ""
  },
  {
    "id": "38629",
    "lastName": "MacKinnon",
    "firstName": "Gillies",
    "dateOfBirth": "19480108",
    "dateOfDeath": ""
  },
  {
    "id": "38721",
    "lastName": "Madden",
    "firstName": "John",
    "dateOfBirth": "19490408",
    "dateOfDeath": ""
  },
  {
    "id": "39101",
    "lastName": "Malick",
    "firstName": "Terrence",
    "dateOfBirth": "19431130",
    "dateOfDeath": ""
  },
  {
    "id": "39228",
    "lastName": "Mamet",
    "firstName": "David",
    "dateOfBirth": "19471130",
    "dateOfDeath": ""
  },
  {
    "id": "39298",
    "lastName": "Mandt",
    "firstName": "Neil",
    "dateOfBirth": "19690825",
    "dateOfDeath": ""
  },
  {
    "id": "39464",
    "lastName": "Mantegna",
    "firstName": "Joe",
    "dateOfBirth": "19471113",
    "dateOfDeath": ""
  },
  {
    "id": "39808",
    "lastName": "Markle",
    "firstName": "Peter",
    "dateOfBirth": "19520924",
    "dateOfDeath": ""
  },
  {
    "id": "39987",
    "lastName": "Marshall",
    "firstName": "Garry",
    "dateOfBirth": "19341113",
    "dateOfDeath": ""
  },
  {
    "id": "39998",
    "lastName": "Marshall",
    "firstName": "Penny",
    "dateOfBirth": "19421015",
    "dateOfDeath": ""
  },
  {
    "id": "40066",
    "lastName": "Martin",
    "firstName": "Darnell",
    "dateOfBirth": "19640107",
    "dateOfDeath": ""
  },
  {
    "id": "40782",
    "lastName": "Mayron",
    "firstName": "Melanie",
    "dateOfBirth": "19521020",
    "dateOfDeath": ""
  },
  {
    "id": "40801",
    "lastName": "Mazin",
    "firstName": "Craig",
    "dateOfBirth": "19710408",
    "dateOfDeath": ""
  },
  {
    "id": "40863",
    "lastName": "McBride",
    "firstName": "Jim",
    "dateOfBirth": "19410916",
    "dateOfDeath": ""
  },
  {
    "id": "41342",
    "lastName": "McIntire",
    "firstName": "Christian",
    "dateOfBirth": "19640226",
    "dateOfDeath": ""
  },
  {
    "id": "41402",
    "lastName": "McKellar",
    "firstName": "Don",
    "dateOfBirth": "19630817",
    "dateOfDeath": ""
  },
  {
    "id": "41567",
    "lastName": "McNaughton",
    "firstName": "John",
    "dateOfBirth": "19500113",
    "dateOfDeath": ""
  },
  {
    "id": "41635",
    "lastName": "McTiernan",
    "firstName": "John",
    "dateOfBirth": "19510108",
    "dateOfDeath": ""
  },
  {
    "id": "41684",
    "lastName": "Meadows",
    "firstName": "Shane",
    "dateOfBirth": "19721226",
    "dateOfDeath": ""
  },
  {
    "id": "41706",
    "lastName": "Medak",
    "firstName": "Peter",
    "dateOfBirth": "19371223",
    "dateOfDeath": ""
  },
  {
    "id": "41982",
    "lastName": "Mendes",
    "firstName": "Sam",
    "dateOfBirth": "19650801",
    "dateOfDeath": ""
  },
  {
    "id": "42056",
    "lastName": "Merchant",
    "firstName": "Ismail",
    "dateOfBirth": "19361225",
    "dateOfDeath": ""
  },
  {
    "id": "42299",
    "lastName": "Meyers",
    "firstName": "Nancy",
    "dateOfBirth": "19491208",
    "dateOfDeath": ""
  },
  {
    "id": "42351",
    "lastName": "Michaels",
    "firstName": "Bret",
    "dateOfBirth": "19630315",
    "dateOfDeath": ""
  },
  {
    "id": "42474",
    "lastName": "Mihaileanu",
    "firstName": "Radu",
    "dateOfBirth": "19580423",
    "dateOfDeath": ""
  },
  {
    "id": "42810",
    "lastName": "Miner",
    "firstName": "Steve",
    "dateOfBirth": "19510618",
    "dateOfDeath": ""
  },
  {
    "id": "42916",
    "lastName": "Mirren",
    "firstName": "Helen",
    "dateOfBirth": "19450726",
    "dateOfDeath": ""
  },
  {
    "id": "43079",
    "lastName": "Miyazaki",
    "firstName": "Hayao",
    "dateOfBirth": "19410105",
    "dateOfDeath": ""
  },
  {
    "id": "43490",
    "lastName": "Moodysson",
    "firstName": "Lukas",
    "dateOfBirth": "19690117",
    "dateOfDeath": ""
  },
  {
    "id": "43588",
    "lastName": "Moorhouse",
    "firstName": "Jocelyn",
    "dateOfBirth": "19600904",
    "dateOfDeath": ""
  },
  {
    "id": "43705",
    "lastName": "Moretti",
    "firstName": "Nanni",
    "dateOfBirth": "19530819",
    "dateOfDeath": ""
  },
  {
    "id": "43848",
    "lastName": "Morris",
    "firstName": "Errol",
    "dateOfBirth": "19480205",
    "dateOfDeath": ""
  },
  {
    "id": "43926",
    "lastName": "Morrow",
    "firstName": "Rob",
    "dateOfBirth": "19620921",
    "dateOfDeath": ""
  },
  {
    "id": "44202",
    "lastName": "Mulcahy",
    "firstName": "Russell",
    "dateOfBirth": "19530623",
    "dateOfDeath": ""
  },
  {
    "id": "44668",
    "lastName": "Nahon",
    "firstName": "Chris",
    "dateOfBirth": "19681205",
    "dateOfDeath": ""
  },
  {
    "id": "44680",
    "lastName": "Nair",
    "firstName": "Mira",
    "dateOfBirth": "19571015",
    "dateOfDeath": ""
  },
  {
    "id": "44915",
    "lastName": "Nava",
    "firstName": "Gregory",
    "dateOfBirth": "19490410",
    "dateOfDeath": ""
  },
  {
    "id": "45273",
    "lastName": "Nevius",
    "firstName": "Steve",
    "dateOfBirth": "19700225",
    "dateOfDeath": ""
  },
  {
    "id": "45293",
    "lastName": "Newell",
    "firstName": "Mike",
    "dateOfBirth": "19420328",
    "dateOfDeath": ""
  },
  {
    "id": "45404",
    "lastName": "Nichols",
    "firstName": "Mike",
    "dateOfBirth": "19311106",
    "dateOfDeath": ""
  },
  {
    "id": "45443",
    "lastName": "Nicolella",
    "firstName": "John",
    "dateOfBirth": "19450528",
    "dateOfDeath": "19980221"
  },
  {
    "id": "45482",
    "lastName": "Niemann",
    "firstName": "Sebastian",
    "dateOfBirth": "19680621",
    "dateOfDeath": ""
  },
  {
    "id": "45758",
    "lastName": "Nolan",
    "firstName": "Christopher",
    "dateOfBirth": "19700730",
    "dateOfDeath": ""
  },
  {
    "id": "45917",
    "lastName": "Norton",
    "firstName": "Edward",
    "dateOfBirth": "19690818",
    "dateOfDeath": ""
  },
  {
    "id": "46037",
    "lastName": "Noyce",
    "firstName": "Phillip",
    "dateOfBirth": "19500429",
    "dateOfDeath": ""
  },
  {
    "id": "46511",
    "lastName": "Oedekerk",
    "firstName": "Steve",
    "dateOfBirth": "19611127",
    "dateOfDeath": ""
  },
  {
    "id": "46669",
    "lastName": "Oldman",
    "firstName": "Gary",
    "dateOfBirth": "19580321",
    "dateOfDeath": ""
  },
  {
    "id": "46693",
    "lastName": "Olin",
    "firstName": "Ken",
    "dateOfBirth": "19540730",
    "dateOfDeath": ""
  },
  {
    "id": "47288",
    "lastName": "Oz",
    "firstName": "Frank",
    "dateOfBirth": "19440525",
    "dateOfDeath": ""
  },
  {
    "id": "47810",
    "lastName": "Parker",
    "firstName": "Alan",
    "dateOfBirth": "19440214",
    "dateOfDeath": ""
  },
  {
    "id": "47849",
    "lastName": "Parker",
    "firstName": "Trey",
    "dateOfBirth": "19691019",
    "dateOfDeath": ""
  },
  {
    "id": "48002",
    "lastName": "Paskaljevic",
    "firstName": "Goran",
    "dateOfBirth": "19470422",
    "dateOfDeath": ""
  },
  {
    "id": "48528",
    "lastName": "Penn",
    "firstName": "Arthur",
    "dateOfBirth": "19220927",
    "dateOfDeath": ""
  },
  {
    "id": "48536",
    "lastName": "Penn",
    "firstName": "Sean",
    "dateOfBirth": "19600817",
    "dateOfDeath": ""
  },
  {
    "id": "48893",
    "lastName": "Petersen",
    "firstName": "Wolfgang",
    "dateOfBirth": "19410314",
    "dateOfDeath": ""
  },
  {
    "id": "48972",
    "lastName": "Petrie",
    "firstName": "Daniel",
    "dateOfBirth": "19201126",
    "dateOfDeath": ""
  },
  {
    "id": "49734",
    "lastName": "Polanski",
    "firstName": "Roman",
    "dateOfBirth": "19330818",
    "dateOfDeath": ""
  },
  {
    "id": "49765",
    "lastName": "Pollack",
    "firstName": "Sydney",
    "dateOfBirth": "19340701",
    "dateOfDeath": ""
  },
  {
    "id": "49776",
    "lastName": "Pollard",
    "firstName": "Stu",
    "dateOfBirth": "19670126",
    "dateOfDeath": ""
  },
  {
    "id": "49801",
    "lastName": "Polson",
    "firstName": "John",
    "dateOfBirth": "19650906",
    "dateOfDeath": ""
  },
  {
    "id": "50271",
    "lastName": "Pressman",
    "firstName": "Michael",
    "dateOfBirth": "19500701",
    "dateOfDeath": ""
  },
  {
    "id": "50343",
    "lastName": "Priestley",
    "firstName": "Jason",
    "dateOfBirth": "19690828",
    "dateOfDeath": ""
  },
  {
    "id": "50362",
    "lastName": "Prince-Bythewood",
    "firstName": "Gina",
    "dateOfBirth": "19680216",
    "dateOfDeath": ""
  },
  {
    "id": "50678",
    "lastName": "Quattrochi",
    "firstName": "James",
    "dateOfBirth": "19610619",
    "dateOfDeath": ""
  },
  {
    "id": "50957",
    "lastName": "Raimi",
    "firstName": "Sam",
    "dateOfBirth": "19591023",
    "dateOfDeath": ""
  },
  {
    "id": "51089",
    "lastName": "Ramis",
    "firstName": "Harold",
    "dateOfBirth": "19441121",
    "dateOfDeath": ""
  },
  {
    "id": "51211",
    "lastName": "Ransen",
    "firstName": "Mort",
    "dateOfBirth": "19330816",
    "dateOfDeath": ""
  },
  {
    "id": "51567",
    "lastName": "Redford",
    "firstName": "Robert",
    "dateOfBirth": "19370818",
    "dateOfDeath": ""
  },
  {
    "id": "51656",
    "lastName": "Reeve",
    "firstName": "Christopher",
    "dateOfBirth": "19520925",
    "dateOfDeath": ""
  },
  {
    "id": "51670",
    "lastName": "Reeves",
    "firstName": "Matt",
    "dateOfBirth": "19660427",
    "dateOfDeath": ""
  },
  {
    "id": "51764",
    "lastName": "Reid",
    "firstName": "Tim",
    "dateOfBirth": "19441219",
    "dateOfDeath": ""
  },
  {
    "id": "51789",
    "lastName": "Reiner",
    "firstName": "Carl",
    "dateOfBirth": "19220320",
    "dateOfDeath": ""
  },
  {
    "id": "51791",
    "lastName": "Reiner",
    "firstName": "Rob",
    "dateOfBirth": "19470306",
    "dateOfDeath": ""
  },
  {
    "id": "52081",
    "lastName": "Reynolds",
    "firstName": "Burt",
    "dateOfBirth": "19360211",
    "dateOfDeath": ""
  },
  {
    "id": "52627",
    "lastName": "Ritchie",
    "firstName": "Guy",
    "dateOfBirth": "19680910",
    "dateOfDeath": ""
  },
  {
    "id": "52628",
    "lastName": "Ritchie",
    "firstName": "Michael",
    "dateOfBirth": "19381128",
    "dateOfDeath": "20010416"
  },
  {
    "id": "52991",
    "lastName": "Roddam",
    "firstName": "Franc",
    "dateOfBirth": "19460429",
    "dateOfDeath": ""
  },
  {
    "id": "53047",
    "lastName": "Rodriguez",
    "firstName": "Robert",
    "dateOfBirth": "19680620",
    "dateOfDeath": ""
  },
  {
    "id": "53315",
    "lastName": "Roos",
    "firstName": "Don",
    "dateOfBirth": "19590414",
    "dateOfDeath": ""
  },
  {
    "id": "53862",
    "lastName": "Rudolph",
    "firstName": "Alan",
    "dateOfBirth": "19431218",
    "dateOfDeath": ""
  },
  {
    "id": "54021",
    "lastName": "Russell",
    "firstName": "Jay",
    "dateOfBirth": "19600110",
    "dateOfDeath": ""
  },
  {
    "id": "54605",
    "lastName": "Salvatores",
    "firstName": "Gabriele",
    "dateOfBirth": "19500730",
    "dateOfDeath": ""
  },
  {
    "id": "54928",
    "lastName": "Sargent",
    "firstName": "Joseph",
    "dateOfBirth": "19250725",
    "dateOfDeath": ""
  },
  {
    "id": "55069",
    "lastName": "Saura",
    "firstName": "Carlos",
    "dateOfBirth": "19320104",
    "dateOfDeath": ""
  },
  {
    "id": "55177",
    "lastName": "Sayles",
    "firstName": "John",
    "dateOfBirth": "19500928",
    "dateOfDeath": ""
  },
  {
    "id": "55281",
    "lastName": "Schaeffer",
    "firstName": "Eric",
    "dateOfBirth": "19620122",
    "dateOfDeath": ""
  },
  {
    "id": "55387",
    "lastName": "Schepisi",
    "firstName": "Fred",
    "dateOfBirth": "19391226",
    "dateOfDeath": ""
  },
  {
    "id": "55492",
    "lastName": "Schlesinger",
    "firstName": "John",
    "dateOfBirth": "19260216",
    "dateOfDeath": ""
  },
  {
    "id": "55546",
    "lastName": "Schmidt",
    "firstName": "Rob",
    "dateOfBirth": "19650925",
    "dateOfDeath": ""
  },
  {
    "id": "55570",
    "lastName": "Schmoeller",
    "firstName": "David",
    "dateOfBirth": "19471208",
    "dateOfDeath": ""
  },
  {
    "id": "55698",
    "lastName": "Schroeder",
    "firstName": "Barbet",
    "dateOfBirth": "19410826",
    "dateOfDeath": ""
  },
  {
    "id": "55773",
    "lastName": "Schumacher",
    "firstName": "Joel",
    "dateOfBirth": "19390829",
    "dateOfDeath": ""
  },
  {
    "id": "55904",
    "lastName": "Scorsese",
    "firstName": "Martin",
    "dateOfBirth": "19421117",
    "dateOfDeath": ""
  },
  {
    "id": "55955",
    "lastName": "Scott",
    "firstName": "Tony",
    "dateOfBirth": "19440721",
    "dateOfDeath": ""
  },
  {
    "id": "56159",
    "lastName": "Seidelman",
    "firstName": "Susan",
    "dateOfBirth": "19521211",
    "dateOfDeath": ""
  },
  {
    "id": "56309",
    "lastName": "Sena",
    "firstName": "Dominic",
    "dateOfBirth": "19490426",
    "dateOfDeath": ""
  },
  {
    "id": "56392",
    "lastName": "Serious",
    "firstName": "Yahoo",
    "dateOfBirth": "19530727",
    "dateOfDeath": ""
  },
  {
    "id": "56808",
    "lastName": "Shebib",
    "firstName": "Donald",
    "dateOfBirth": "19380117",
    "dateOfDeath": ""
  },
  {
    "id": "56880",
    "lastName": "Shelton",
    "firstName": "Ron",
    "dateOfBirth": "19450915",
    "dateOfDeath": ""
  },
  {
    "id": "56952",
    "lastName": "Sherman",
    "firstName": "Cindy",
    "dateOfBirth": "19540119",
    "dateOfDeath": ""
  },
  {
    "id": "57707",
    "lastName": "Singleton",
    "firstName": "John",
    "dateOfBirth": "19680106",
    "dateOfDeath": ""
  },
  {
    "id": "57797",
    "lastName": "Sjogren",
    "firstName": "John",
    "dateOfBirth": "19660404",
    "dateOfDeath": ""
  },
  {
    "id": "58109",
    "lastName": "Smith",
    "firstName": "Kevin",
    "dateOfBirth": "19700802",
    "dateOfDeath": ""
  },
  {
    "id": "58268",
    "lastName": "Soderbergh",
    "firstName": "Steven",
    "dateOfBirth": "19630114",
    "dateOfDeath": ""
  },
  {
    "id": "58376",
    "lastName": "Solondz",
    "firstName": "Todd",
    "dateOfBirth": "19591015",
    "dateOfDeath": ""
  },
  {
    "id": "58450",
    "lastName": "Sonnenfeld",
    "firstName": "Barry",
    "dateOfBirth": "19530401",
    "dateOfDeath": ""
  },
  {
    "id": "58517",
    "lastName": "Sorvino",
    "firstName": "Paul",
    "dateOfBirth": "19390413",
    "dateOfDeath": ""
  },
  {
    "id": "58755",
    "lastName": "Spheeris",
    "firstName": "Penelope",
    "dateOfBirth": "19451202",
    "dateOfDeath": ""
  },
  {
    "id": "58766",
    "lastName": "Spiegel",
    "firstName": "Scott",
    "dateOfBirth": "19571220",
    "dateOfDeath": ""
  },
  {
    "id": "58777",
    "lastName": "Spielberg",
    "firstName": "Steven",
    "dateOfBirth": "19461218",
    "dateOfDeath": ""
  },
  {
    "id": "59224",
    "lastName": "Steel",
    "firstName": "J.A.",
    "dateOfBirth": "19691212",
    "dateOfDeath": ""
  },
  {
    "id": "59311",
    "lastName": "Stein",
    "firstName": "Jeremy",
    "dateOfBirth": "19680429",
    "dateOfDeath": ""
  },
  {
    "id": "59491",
    "lastName": "Stevens",
    "firstName": "Andrew",
    "dateOfBirth": "19550610",
    "dateOfDeath": ""
  },
  {
    "id": "59504",
    "lastName": "Stevens",
    "firstName": "Fisher",
    "dateOfBirth": "19631127",
    "dateOfDeath": ""
  },
  {
    "id": "59716",
    "lastName": "Stoltz",
    "firstName": "Eric",
    "dateOfBirth": "19610930",
    "dateOfDeath": ""
  },
  {
    "id": "59747",
    "lastName": "Stone",
    "firstName": "Oliver",
    "dateOfBirth": "19460915",
    "dateOfDeath": ""
  },
  {
    "id": "59920",
    "lastName": "Streisand",
    "firstName": "Barbra",
    "dateOfBirth": "19420424",
    "dateOfDeath": ""
  },
  {
    "id": "59931",
    "lastName": "Strick",
    "firstName": "Wesley",
    "dateOfBirth": "19540211",
    "dateOfDeath": ""
  },
  {
    "id": "60305",
    "lastName": "Suo",
    "firstName": "Masayuki",
    "dateOfBirth": "19561029",
    "dateOfDeath": ""
  },
  {
    "id": "60378",
    "lastName": "Sutton",
    "firstName": "Tammi",
    "dateOfBirth": "19711021",
    "dateOfDeath": ""
  },
  {
    "id": "61027",
    "lastName": "Tanovic",
    "firstName": "Danis",
    "dateOfBirth": "19690220",
    "dateOfDeath": ""
  },
  {
    "id": "61064",
    "lastName": "Tarantino",
    "firstName": "Quentin",
    "dateOfBirth": "19630327",
    "dateOfDeath": ""
  },
  {
    "id": "61273",
    "lastName": "Taymor",
    "firstName": "Julie",
    "dateOfBirth": "19521215",
    "dateOfDeath": ""
  },
  {
    "id": "61447",
    "lastName": "Terlesky",
    "firstName": "John",
    "dateOfBirth": "19610530",
    "dateOfDeath": ""
  },
  {
    "id": "62348",
    "lastName": "Tornatore",
    "firstName": "Giuseppe",
    "dateOfBirth": "19560527",
    "dateOfDeath": ""
  },
  {
    "id": "62929",
    "lastName": "Tsui",
    "firstName": "Hark",
    "dateOfBirth": "19510102",
    "dateOfDeath": ""
  },
  {
    "id": "62931",
    "lastName": "Tsukamoto",
    "firstName": "Shinya",
    "dateOfBirth": "19600101",
    "dateOfDeath": ""
  },
  {
    "id": "62969",
    "lastName": "Tucci",
    "firstName": "Stanley",
    "dateOfBirth": "19600111",
    "dateOfDeath": ""
  },
  {
    "id": "63206",
    "lastName": "Tykwer",
    "firstName": "Tom",
    "dateOfBirth": "19650523",
    "dateOfDeath": ""
  },
  {
    "id": "64116",
    "lastName": "Verhoeven",
    "firstName": "Paul",
    "dateOfBirth": "19380718",
    "dateOfDeath": ""
  },
  {
    "id": "64171",
    "lastName": "Verow",
    "firstName": "Todd",
    "dateOfBirth": "19661111",
    "dateOfDeath": ""
  },
  {
    "id": "64608",
    "lastName": "Voight",
    "firstName": "Jon",
    "dateOfBirth": "19381229",
    "dateOfDeath": ""
  },
  {
    "id": "64808",
    "lastName": "Wachowski",
    "firstName": "Andy",
    "dateOfBirth": "19671229",
    "dateOfDeath": ""
  },
  {
    "id": "64810",
    "lastName": "Wachowski",
    "firstName": "Larry",
    "dateOfBirth": "19650621",
    "dateOfDeath": ""
  },
  {
    "id": "65109",
    "lastName": "Waller",
    "firstName": "Anthony",
    "dateOfBirth": "19591024",
    "dateOfDeath": ""
  },
  {
    "id": "65235",
    "lastName": "Wang",
    "firstName": "Wayne",
    "dateOfBirth": "19490112",
    "dateOfDeath": ""
  },
  {
    "id": "65482",
    "lastName": "Waters",
    "firstName": "John",
    "dateOfBirth": "19460429",
    "dateOfDeath": ""
  },
  {
    "id": "65797",
    "lastName": "Weir",
    "firstName": "Peter",
    "dateOfBirth": "19440808",
    "dateOfDeath": ""
  },
  {
    "id": "65940",
    "lastName": "Wenders",
    "firstName": "Wim",
    "dateOfBirth": "19450814",
    "dateOfDeath": ""
  },
  {
    "id": "66141",
    "lastName": "Whaley",
    "firstName": "Frank",
    "dateOfBirth": "19630720",
    "dateOfDeath": ""
  },
  {
    "id": "66680",
    "lastName": "Williamson",
    "firstName": "Kevin",
    "dateOfBirth": "19650314",
    "dateOfDeath": ""
  },
  {
    "id": "66880",
    "lastName": "Winkler",
    "firstName": "Irwin",
    "dateOfBirth": "19310525",
    "dateOfDeath": ""
  },
  {
    "id": "66938",
    "lastName": "Winterbottom",
    "firstName": "Michael",
    "dateOfBirth": "19610329",
    "dateOfDeath": ""
  },
  {
    "id": "67203",
    "lastName": "Woo",
    "firstName": "John",
    "dateOfBirth": "19460501",
    "dateOfDeath": ""
  },
  {
    "id": "67502",
    "lastName": "Wyman",
    "firstName": "J.H.",
    "dateOfBirth": "19670105",
    "dateOfDeath": ""
  },
  {
    "id": "67783",
    "lastName": "Yellen",
    "firstName": "Linda",
    "dateOfBirth": "19490713",
    "dateOfDeath": ""
  },
  {
    "id": "67844",
    "lastName": "Yoakam",
    "firstName": "Dwight",
    "dateOfBirth": "19561023",
    "dateOfDeath": ""
  },
  {
    "id": "68573",
    "lastName": "Zucker",
    "firstName": "Jerry",
    "dateOfBirth": "19500311",
    "dateOfDeath": ""
  },
  {
    "id": "68614",
    "lastName": "Zwart",
    "firstName": "Harald",
    "dateOfBirth": "19650701",
    "dateOfDeath": ""
  },
  {
    "id": "68622",
    "lastName": "Zwick",
    "firstName": "Edward",
    "dateOfBirth": "19521008",
    "dateOfDeath": ""
  },
  {
    "id": "68623",
    "lastName": "Zwick",
    "firstName": "Joel",
    "dateOfBirth": "19420111",
    "dateOfDeath": ""
  }
]
