[
  {
    "movieId": "2183",
    "directorId": "844"
  },
  {
    "movieId": "2705",
    "directorId": "1019"
  },
  {
    "movieId": "3076",
    "directorId": "974"
  },
  {
    "movieId": "3814",
    "directorId": "1019"
  },
  {
    "movieId": "4061",
    "directorId": "1019"
  },
  {
    "movieId": "2197",
    "directorId": "1141"
  },
  {
    "movieId": "2592",
    "directorId": "1295"
  },
  {
    "movieId": "4026",
    "directorId": "1386"
  },
  {
    "movieId": "4167",
    "directorId": "1386"
  },
  {
    "movieId": "3659",
    "directorId": "1700"
  },
  {
    "movieId": "2768",
    "directorId": "1733"
  },
  {
    "movieId": "3534",
    "directorId": "1785"
  },
  {
    "movieId": "3576",
    "directorId": "1785"
  },
  {
    "movieId": "3911",
    "directorId": "1910"
  },
  {
    "movieId": "2163",
    "directorId": "1921"
  },
  {
    "movieId": "3190",
    "directorId": "1939"
  },
  {
    "movieId": "2494",
    "directorId": "1959"
  },
  {
    "movieId": "3942",
    "directorId": "1959"
  },
  {
    "movieId": "3690",
    "directorId": "2097"
  },
  {
    "movieId": "3055",
    "directorId": "2153"
  },
  {
    "movieId": "3186",
    "directorId": "2265"
  },
  {
    "movieId": "3428",
    "directorId": "2265"
  },
  {
    "movieId": "4297",
    "directorId": "2324"
  },
  {
    "movieId": "2123",
    "directorId": "2690"
  },
  {
    "movieId": "2740",
    "directorId": "2690"
  },
  {
    "movieId": "3816",
    "directorId": "2690"
  },
  {
    "movieId": "2540",
    "directorId": "2729"
  },
  {
    "movieId": "3818",
    "directorId": "2729"
  },
  {
    "movieId": "2799",
    "directorId": "2781"
  },
  {
    "movieId": "3528",
    "directorId": "2781"
  },
  {
    "movieId": "3394",
    "directorId": "2817"
  },
  {
    "movieId": "2479",
    "directorId": "3035"
  },
  {
    "movieId": "2019",
    "directorId": "3066"
  },
  {
    "movieId": "2092",
    "directorId": "3066"
  },
  {
    "movieId": "2323",
    "directorId": "3066"
  },
  {
    "movieId": "2834",
    "directorId": "3066"
  },
  {
    "movieId": "2908",
    "directorId": "3066"
  },
  {
    "movieId": "2608",
    "directorId": "3177"
  },
  {
    "movieId": "2326",
    "directorId": "3317"
  },
  {
    "movieId": "3150",
    "directorId": "3356"
  },
  {
    "movieId": "3845",
    "directorId": "3654"
  },
  {
    "movieId": "2472",
    "directorId": "3787"
  },
  {
    "movieId": "2979",
    "directorId": "3926"
  },
  {
    "movieId": "3027",
    "directorId": "3926"
  },
  {
    "movieId": "2018",
    "directorId": "4002"
  },
  {
    "movieId": "3143",
    "directorId": "4417"
  },
  {
    "movieId": "3493",
    "directorId": "4417"
  },
  {
    "movieId": "2779",
    "directorId": "5114"
  },
  {
    "movieId": "2356",
    "directorId": "5128"
  },
  {
    "movieId": "2804",
    "directorId": "5128"
  },
  {
    "movieId": "3147",
    "directorId": "5128"
  },
  {
    "movieId": "3735",
    "directorId": "5128"
  },
  {
    "movieId": "2536",
    "directorId": "5283"
  },
  {
    "movieId": "2319",
    "directorId": "5301"
  },
  {
    "movieId": "2082",
    "directorId": "5395"
  },
  {
    "movieId": "3126",
    "directorId": "5468"
  },
  {
    "movieId": "3776",
    "directorId": "5563"
  },
  {
    "movieId": "2534",
    "directorId": "5592"
  },
  {
    "movieId": "3956",
    "directorId": "5661"
  },
  {
    "movieId": "2191",
    "directorId": "5924"
  },
  {
    "movieId": "3984",
    "directorId": "5924"
  },
  {
    "movieId": "4223",
    "directorId": "6589"
  },
  {
    "movieId": "2506",
    "directorId": "6895"
  },
  {
    "movieId": "4092",
    "directorId": "7100"
  },
  {
    "movieId": "2924",
    "directorId": "7240"
  },
  {
    "movieId": "2263",
    "directorId": "7624"
  },
  {
    "movieId": "2409",
    "directorId": "7650"
  },
  {
    "movieId": "3694",
    "directorId": "7650"
  },
  {
    "movieId": "4257",
    "directorId": "7650"
  },
  {
    "movieId": "2660",
    "directorId": "7660"
  },
  {
    "movieId": "3799",
    "directorId": "7660"
  },
  {
    "movieId": "2009",
    "directorId": "7807"
  },
  {
    "movieId": "2521",
    "directorId": "7807"
  },
  {
    "movieId": "2658",
    "directorId": "8122"
  },
  {
    "movieId": "4121",
    "directorId": "8244"
  },
  {
    "movieId": "2034",
    "directorId": "8405"
  },
  {
    "movieId": "2072",
    "directorId": "8516"
  },
  {
    "movieId": "2819",
    "directorId": "8517"
  },
  {
    "movieId": "2283",
    "directorId": "8553"
  },
  {
    "movieId": "3008",
    "directorId": "8570"
  },
  {
    "movieId": "3433",
    "directorId": "8570"
  },
  {
    "movieId": "3990",
    "directorId": "8570"
  },
  {
    "movieId": "2522",
    "directorId": "9152"
  },
  {
    "movieId": "2923",
    "directorId": "9255"
  },
  {
    "movieId": "2611",
    "directorId": "9358"
  },
  {
    "movieId": "3210",
    "directorId": "9358"
  },
  {
    "movieId": "3807",
    "directorId": "9358"
  },
  {
    "movieId": "4203",
    "directorId": "9354"
  },
  {
    "movieId": "4268",
    "directorId": "9373"
  },
  {
    "movieId": "3864",
    "directorId": "9666"
  },
  {
    "movieId": "4224",
    "directorId": "9879"
  },
  {
    "movieId": "3248",
    "directorId": "9970"
  },
  {
    "movieId": "3558",
    "directorId": "10607"
  },
  {
    "movieId": "2146",
    "directorId": "10721"
  },
  {
    "movieId": "3709",
    "directorId": "10721"
  },
  {
    "movieId": "2903",
    "directorId": "11198"
  },
  {
    "movieId": "2708",
    "directorId": "11487"
  },
  {
    "movieId": "3646",
    "directorId": "11487"
  },
  {
    "movieId": "4251",
    "directorId": "11487"
  },
  {
    "movieId": "2235",
    "directorId": "11497"
  },
  {
    "movieId": "2357",
    "directorId": "11728"
  },
  {
    "movieId": "3774",
    "directorId": "11752"
  },
  {
    "movieId": "2407",
    "directorId": "11924"
  },
  {
    "movieId": "4038",
    "directorId": "11951"
  },
  {
    "movieId": "4265",
    "directorId": "12195"
  },
  {
    "movieId": "2593",
    "directorId": "12389"
  },
  {
    "movieId": "2593",
    "directorId": "12391"
  },
  {
    "movieId": "2978",
    "directorId": "12391"
  },
  {
    "movieId": "3367",
    "directorId": "12429"
  },
  {
    "movieId": "3790",
    "directorId": "12429"
  },
  {
    "movieId": "2927",
    "directorId": "12650"
  },
  {
    "movieId": "3963",
    "directorId": "12650"
  },
  {
    "movieId": "2667",
    "directorId": "12933"
  },
  {
    "movieId": "2066",
    "directorId": "12972"
  },
  {
    "movieId": "3075",
    "directorId": "12972"
  },
  {
    "movieId": "4189",
    "directorId": "12972"
  },
  {
    "movieId": "3103",
    "directorId": "13066"
  },
  {
    "movieId": "2816",
    "directorId": "13074"
  },
  {
    "movieId": "3083",
    "directorId": "13219"
  },
  {
    "movieId": "3724",
    "directorId": "13219"
  },
  {
    "movieId": "2317",
    "directorId": "13606"
  },
  {
    "movieId": "2821",
    "directorId": "13615"
  },
  {
    "movieId": "3601",
    "directorId": "13615"
  },
  {
    "movieId": "3054",
    "directorId": "13742"
  },
  {
    "movieId": "3904",
    "directorId": "13806"
  },
  {
    "movieId": "2122",
    "directorId": "13885"
  },
  {
    "movieId": "3219",
    "directorId": "13970"
  },
  {
    "movieId": "2284",
    "directorId": "13987"
  },
  {
    "movieId": "4044",
    "directorId": "14629"
  },
  {
    "movieId": "3616",
    "directorId": "14683"
  },
  {
    "movieId": "3812",
    "directorId": "14683"
  },
  {
    "movieId": "2513",
    "directorId": "14803"
  },
  {
    "movieId": "2470",
    "directorId": "14893"
  },
  {
    "movieId": "2542",
    "directorId": "14893"
  },
  {
    "movieId": "3135",
    "directorId": "15167"
  },
  {
    "movieId": "2229",
    "directorId": "15201"
  },
  {
    "movieId": "3171",
    "directorId": "15201"
  },
  {
    "movieId": "3266",
    "directorId": "15201"
  },
  {
    "movieId": "3274",
    "directorId": "15201"
  },
  {
    "movieId": "2201",
    "directorId": "15310"
  },
  {
    "movieId": "2404",
    "directorId": "15488"
  },
  {
    "movieId": "3824",
    "directorId": "15488"
  },
  {
    "movieId": "3977",
    "directorId": "15486"
  },
  {
    "movieId": "3328",
    "directorId": "15800"
  },
  {
    "movieId": "2630",
    "directorId": "15809"
  },
  {
    "movieId": "3391",
    "directorId": "16468"
  },
  {
    "movieId": "3897",
    "directorId": "16468"
  },
  {
    "movieId": "4177",
    "directorId": "16468"
  },
  {
    "movieId": "2394",
    "directorId": "16530"
  },
  {
    "movieId": "2870",
    "directorId": "17164"
  },
  {
    "movieId": "3574",
    "directorId": "17164"
  },
  {
    "movieId": "2158",
    "directorId": "17180"
  },
  {
    "movieId": "2359",
    "directorId": "17180"
  },
  {
    "movieId": "2750",
    "directorId": "17180"
  },
  {
    "movieId": "3120",
    "directorId": "17180"
  },
  {
    "movieId": "3262",
    "directorId": "17344"
  },
  {
    "movieId": "2710",
    "directorId": "17598"
  },
  {
    "movieId": "4294",
    "directorId": "17677"
  },
  {
    "movieId": "2440",
    "directorId": "17784"
  },
  {
    "movieId": "4062",
    "directorId": "17950"
  },
  {
    "movieId": "2156",
    "directorId": "18124"
  },
  {
    "movieId": "2643",
    "directorId": "18308"
  },
  {
    "movieId": "2024",
    "directorId": "18363"
  },
  {
    "movieId": "3133",
    "directorId": "18363"
  },
  {
    "movieId": "2538",
    "directorId": "18522"
  },
  {
    "movieId": "3370",
    "directorId": "18739"
  },
  {
    "movieId": "4275",
    "directorId": "19073"
  },
  {
    "movieId": "2721",
    "directorId": "19099"
  },
  {
    "movieId": "2249",
    "directorId": "19255"
  },
  {
    "movieId": "2652",
    "directorId": "19255"
  },
  {
    "movieId": "3056",
    "directorId": "19255"
  },
  {
    "movieId": "3695",
    "directorId": "19255"
  },
  {
    "movieId": "4157",
    "directorId": "19255"
  },
  {
    "movieId": "2560",
    "directorId": "19322"
  },
  {
    "movieId": "2894",
    "directorId": "19615"
  },
  {
    "movieId": "3878",
    "directorId": "19672"
  },
  {
    "movieId": "2008",
    "directorId": "19763"
  },
  {
    "movieId": "2368",
    "directorId": "19819"
  },
  {
    "movieId": "2481",
    "directorId": "19819"
  },
  {
    "movieId": "2730",
    "directorId": "19819"
  },
  {
    "movieId": "3023",
    "directorId": "19819"
  },
  {
    "movieId": "4215",
    "directorId": "19819"
  },
  {
    "movieId": "3063",
    "directorId": "19906"
  },
  {
    "movieId": "2780",
    "directorId": "19992"
  },
  {
    "movieId": "3033",
    "directorId": "19992"
  },
  {
    "movieId": "3011",
    "directorId": "20031"
  },
  {
    "movieId": "3149",
    "directorId": "20532"
  },
  {
    "movieId": "3933",
    "directorId": "20777"
  },
  {
    "movieId": "3934",
    "directorId": "20777"
  },
  {
    "movieId": "2080",
    "directorId": "20914"
  },
  {
    "movieId": "3414",
    "directorId": "20914"
  },
  {
    "movieId": "3506",
    "directorId": "20914"
  },
  {
    "movieId": "3028",
    "directorId": "20925"
  },
  {
    "movieId": "2616",
    "directorId": "21019"
  },
  {
    "movieId": "2102",
    "directorId": "21215"
  },
  {
    "movieId": "2105",
    "directorId": "21215"
  },
  {
    "movieId": "3529",
    "directorId": "21215"
  },
  {
    "movieId": "3292",
    "directorId": "21343"
  },
  {
    "movieId": "2055",
    "directorId": "21739"
  },
  {
    "movieId": "3946",
    "directorId": "21844"
  },
  {
    "movieId": "3805",
    "directorId": "22127"
  },
  {
    "movieId": "2859",
    "directorId": "22835"
  },
  {
    "movieId": "3494",
    "directorId": "22914"
  },
  {
    "movieId": "2947",
    "directorId": "23050"
  },
  {
    "movieId": "3177",
    "directorId": "23356"
  },
  {
    "movieId": "3853",
    "directorId": "23490"
  },
  {
    "movieId": "2781",
    "directorId": "23701"
  },
  {
    "movieId": "3888",
    "directorId": "23716"
  },
  {
    "movieId": "3863",
    "directorId": "24332"
  },
  {
    "movieId": "4058",
    "directorId": "24374"
  },
  {
    "movieId": "2480",
    "directorId": "25084"
  },
  {
    "movieId": "3304",
    "directorId": "25167"
  },
  {
    "movieId": "3311",
    "directorId": "25576"
  },
  {
    "movieId": "3654",
    "directorId": "25576"
  },
  {
    "movieId": "3621",
    "directorId": "25630"
  },
  {
    "movieId": "3039",
    "directorId": "25645"
  },
  {
    "movieId": "3188",
    "directorId": "25696"
  },
  {
    "movieId": "2462",
    "directorId": "25964"
  },
  {
    "movieId": "3239",
    "directorId": "26053"
  },
  {
    "movieId": "2943",
    "directorId": "26182"
  },
  {
    "movieId": "2998",
    "directorId": "26325"
  },
  {
    "movieId": "3552",
    "directorId": "26582"
  },
  {
    "movieId": "3007",
    "directorId": "26692"
  },
  {
    "movieId": "2478",
    "directorId": "26708"
  },
  {
    "movieId": "2412",
    "directorId": "27195"
  },
  {
    "movieId": "2793",
    "directorId": "27195"
  },
  {
    "movieId": "3491",
    "directorId": "27195"
  },
  {
    "movieId": "2585",
    "directorId": "27455"
  },
  {
    "movieId": "3168",
    "directorId": "27455"
  },
  {
    "movieId": "3829",
    "directorId": "27490"
  },
  {
    "movieId": "2329",
    "directorId": "27613"
  },
  {
    "movieId": "3879",
    "directorId": "27835"
  },
  {
    "movieId": "3281",
    "directorId": "27857"
  },
  {
    "movieId": "2106",
    "directorId": "27861"
  },
  {
    "movieId": "3725",
    "directorId": "28085"
  },
  {
    "movieId": "4172",
    "directorId": "28085"
  },
  {
    "movieId": "2826",
    "directorId": "28320"
  },
  {
    "movieId": "3361",
    "directorId": "28634"
  },
  {
    "movieId": "3651",
    "directorId": "28772"
  },
  {
    "movieId": "2844",
    "directorId": "28785"
  },
  {
    "movieId": "3443",
    "directorId": "28959"
  },
  {
    "movieId": "2417",
    "directorId": "28991"
  },
  {
    "movieId": "2822",
    "directorId": "29161"
  },
  {
    "movieId": "3419",
    "directorId": "29161"
  },
  {
    "movieId": "4023",
    "directorId": "29161"
  },
  {
    "movieId": "2564",
    "directorId": "29195"
  },
  {
    "movieId": "2981",
    "directorId": "29195"
  },
  {
    "movieId": "2765",
    "directorId": "29535"
  },
  {
    "movieId": "3074",
    "directorId": "29537"
  },
  {
    "movieId": "3715",
    "directorId": "29535"
  },
  {
    "movieId": "2112",
    "directorId": "29568"
  },
  {
    "movieId": "3708",
    "directorId": "29587"
  },
  {
    "movieId": "2697",
    "directorId": "29665"
  },
  {
    "movieId": "2116",
    "directorId": "29746"
  },
  {
    "movieId": "3841",
    "directorId": "29746"
  },
  {
    "movieId": "4053",
    "directorId": "29746"
  },
  {
    "movieId": "2028",
    "directorId": "29838"
  },
  {
    "movieId": "2473",
    "directorId": "29840"
  },
  {
    "movieId": "2475",
    "directorId": "29840"
  },
  {
    "movieId": "2348",
    "directorId": "29941"
  },
  {
    "movieId": "2002",
    "directorId": "30764"
  },
  {
    "movieId": "2994",
    "directorId": "30891"
  },
  {
    "movieId": "2489",
    "directorId": "31242"
  },
  {
    "movieId": "2809",
    "directorId": "31583"
  },
  {
    "movieId": "3479",
    "directorId": "31722"
  },
  {
    "movieId": "3340",
    "directorId": "31737"
  },
  {
    "movieId": "2798",
    "directorId": "32193"
  },
  {
    "movieId": "2225",
    "directorId": "33030"
  },
  {
    "movieId": "3861",
    "directorId": "33030"
  },
  {
    "movieId": "2086",
    "directorId": "33147"
  },
  {
    "movieId": "3685",
    "directorId": "33147"
  },
  {
    "movieId": "2991",
    "directorId": "33603"
  },
  {
    "movieId": "3408",
    "directorId": "33789"
  },
  {
    "movieId": "3294",
    "directorId": "34200"
  },
  {
    "movieId": "2103",
    "directorId": "34261"
  },
  {
    "movieId": "4067",
    "directorId": "34441"
  },
  {
    "movieId": "2498",
    "directorId": "34662"
  },
  {
    "movieId": "2010",
    "directorId": "34752"
  },
  {
    "movieId": "2972",
    "directorId": "34752"
  },
  {
    "movieId": "3249",
    "directorId": "34752"
  },
  {
    "movieId": "3699",
    "directorId": "34752"
  },
  {
    "movieId": "2803",
    "directorId": "34800"
  },
  {
    "movieId": "2446",
    "directorId": "34867"
  },
  {
    "movieId": "2840",
    "directorId": "34883"
  },
  {
    "movieId": "4055",
    "directorId": "35115"
  },
  {
    "movieId": "2674",
    "directorId": "35199"
  },
  {
    "movieId": "2097",
    "directorId": "35511"
  },
  {
    "movieId": "4165",
    "directorId": "35726"
  },
  {
    "movieId": "3052",
    "directorId": "36029"
  },
  {
    "movieId": "3641",
    "directorId": "35962"
  },
  {
    "movieId": "4036",
    "directorId": "36029"
  },
  {
    "movieId": "4245",
    "directorId": "36178"
  },
  {
    "movieId": "2135",
    "directorId": "36541"
  },
  {
    "movieId": "3828",
    "directorId": "36541"
  },
  {
    "movieId": "3803",
    "directorId": "36597"
  },
  {
    "movieId": "3902",
    "directorId": "36597"
  },
  {
    "movieId": "2270",
    "directorId": "36734"
  },
  {
    "movieId": "2898",
    "directorId": "37072"
  },
  {
    "movieId": "4022",
    "directorId": "37072"
  },
  {
    "movieId": "4112",
    "directorId": "37072"
  },
  {
    "movieId": "2293",
    "directorId": "37356"
  },
  {
    "movieId": "2847",
    "directorId": "37356"
  },
  {
    "movieId": "3450",
    "directorId": "37563"
  },
  {
    "movieId": "3940",
    "directorId": "37931"
  },
  {
    "movieId": "2784",
    "directorId": "38015"
  },
  {
    "movieId": "3504",
    "directorId": "38015"
  },
  {
    "movieId": "2913",
    "directorId": "38078"
  },
  {
    "movieId": "2316",
    "directorId": "38189"
  },
  {
    "movieId": "2483",
    "directorId": "38301"
  },
  {
    "movieId": "2806",
    "directorId": "38301"
  },
  {
    "movieId": "2455",
    "directorId": "38318"
  },
  {
    "movieId": "3676",
    "directorId": "38342"
  },
  {
    "movieId": "3015",
    "directorId": "38489"
  },
  {
    "movieId": "2334",
    "directorId": "38629"
  },
  {
    "movieId": "3410",
    "directorId": "38629"
  },
  {
    "movieId": "3811",
    "directorId": "38629"
  },
  {
    "movieId": "2801",
    "directorId": "38721"
  },
  {
    "movieId": "3692",
    "directorId": "38721"
  },
  {
    "movieId": "4166",
    "directorId": "39101"
  },
  {
    "movieId": "3891",
    "directorId": "39228"
  },
  {
    "movieId": "3950",
    "directorId": "39228"
  },
  {
    "movieId": "2713",
    "directorId": "39298"
  },
  {
    "movieId": "2297",
    "directorId": "39464"
  },
  {
    "movieId": "2321",
    "directorId": "39808"
  },
  {
    "movieId": "3061",
    "directorId": "39987"
  },
  {
    "movieId": "3456",
    "directorId": "39998"
  },
  {
    "movieId": "3537",
    "directorId": "39987"
  },
  {
    "movieId": "3289",
    "directorId": "40066"
  },
  {
    "movieId": "3798",
    "directorId": "40782"
  },
  {
    "movieId": "3896",
    "directorId": "40801"
  },
  {
    "movieId": "2035",
    "directorId": "40863"
  },
  {
    "movieId": "3303",
    "directorId": "40863"
  },
  {
    "movieId": "2301",
    "directorId": "41342"
  },
  {
    "movieId": "2490",
    "directorId": "41342"
  },
  {
    "movieId": "2333",
    "directorId": "41402"
  },
  {
    "movieId": "2303",
    "directorId": "41567"
  },
  {
    "movieId": "2954",
    "directorId": "41567"
  },
  {
    "movieId": "3499",
    "directorId": "41635"
  },
  {
    "movieId": "4181",
    "directorId": "41635"
  },
  {
    "movieId": "3508",
    "directorId": "41684"
  },
  {
    "movieId": "3898",
    "directorId": "41706"
  },
  {
    "movieId": "3481",
    "directorId": "41982"
  },
  {
    "movieId": "2857",
    "directorId": "42056"
  },
  {
    "movieId": "3119",
    "directorId": "42299"
  },
  {
    "movieId": "2934",
    "directorId": "42351"
  },
  {
    "movieId": "4255",
    "directorId": "42474"
  },
  {
    "movieId": "2296",
    "directorId": "42810"
  },
  {
    "movieId": "4149",
    "directorId": "42810"
  },
  {
    "movieId": "3007",
    "directorId": "42916"
  },
  {
    "movieId": "3638",
    "directorId": "43079"
  },
  {
    "movieId": "4205",
    "directorId": "43490"
  },
  {
    "movieId": "4183",
    "directorId": "43588"
  },
  {
    "movieId": "3929",
    "directorId": "43705"
  },
  {
    "movieId": "2791",
    "directorId": "43848"
  },
  {
    "movieId": "2645",
    "directorId": "43926"
  },
  {
    "movieId": "3748",
    "directorId": "44202"
  },
  {
    "movieId": "4098",
    "directorId": "44202"
  },
  {
    "movieId": "2252",
    "directorId": "44668"
  },
  {
    "movieId": "2195",
    "directorId": "44680"
  },
  {
    "movieId": "2761",
    "directorId": "44680"
  },
  {
    "movieId": "3152",
    "directorId": "44680"
  },
  {
    "movieId": "2837",
    "directorId": "44915"
  },
  {
    "movieId": "3637",
    "directorId": "44915"
  },
  {
    "movieId": "3521",
    "directorId": "45273"
  },
  {
    "movieId": "3330",
    "directorId": "45293"
  },
  {
    "movieId": "3282",
    "directorId": "45404"
  },
  {
    "movieId": "2280",
    "directorId": "45443"
  },
  {
    "movieId": "3657",
    "directorId": "45482"
  },
  {
    "movieId": "2047",
    "directorId": "45758"
  },
  {
    "movieId": "2668",
    "directorId": "45758"
  },
  {
    "movieId": "2206",
    "directorId": "45917"
  },
  {
    "movieId": "3337",
    "directorId": "46037"
  },
  {
    "movieId": "3555",
    "directorId": "46037"
  },
  {
    "movieId": "2964",
    "directorId": "46511"
  },
  {
    "movieId": "2926",
    "directorId": "46669"
  },
  {
    "movieId": "2007",
    "directorId": "46693"
  },
  {
    "movieId": "2000",
    "directorId": "47288"
  },
  {
    "movieId": "2026",
    "directorId": "47288"
  },
  {
    "movieId": "3593",
    "directorId": "47288"
  },
  {
    "movieId": "2411",
    "directorId": "47810"
  },
  {
    "movieId": "3883",
    "directorId": "47849"
  },
  {
    "movieId": "3852",
    "directorId": "48002"
  },
  {
    "movieId": "2046",
    "directorId": "48528"
  },
  {
    "movieId": "3228",
    "directorId": "48536"
  },
  {
    "movieId": "3078",
    "directorId": "48893"
  },
  {
    "movieId": "3157",
    "directorId": "48893"
  },
  {
    "movieId": "2036",
    "directorId": "48972"
  },
  {
    "movieId": "2928",
    "directorId": "49734"
  },
  {
    "movieId": "3187",
    "directorId": "49734"
  },
  {
    "movieId": "3357",
    "directorId": "49765"
  },
  {
    "movieId": "3550",
    "directorId": "49765"
  },
  {
    "movieId": "2905",
    "directorId": "49776"
  },
  {
    "movieId": "4073",
    "directorId": "49801"
  },
  {
    "movieId": "4228",
    "directorId": "50271"
  },
  {
    "movieId": "2257",
    "directorId": "50343"
  },
  {
    "movieId": "2493",
    "directorId": "50362"
  },
  {
    "movieId": "4295",
    "directorId": "50678"
  },
  {
    "movieId": "3756",
    "directorId": "50957"
  },
  {
    "movieId": "3906",
    "directorId": "50957"
  },
  {
    "movieId": "2808",
    "directorId": "51089"
  },
  {
    "movieId": "4009",
    "directorId": "51089"
  },
  {
    "movieId": "2606",
    "directorId": "51211"
  },
  {
    "movieId": "2372",
    "directorId": "51567"
  },
  {
    "movieId": "2013",
    "directorId": "51656"
  },
  {
    "movieId": "3102",
    "directorId": "51670"
  },
  {
    "movieId": "3013",
    "directorId": "51764"
  },
  {
    "movieId": "3982",
    "directorId": "51791"
  },
  {
    "movieId": "4152",
    "directorId": "51789"
  },
  {
    "movieId": "2340",
    "directorId": "52081"
  },
  {
    "movieId": "2450",
    "directorId": "52627"
  },
  {
    "movieId": "3757",
    "directorId": "52628"
  },
  {
    "movieId": "3822",
    "directorId": "52627"
  },
  {
    "movieId": "2742",
    "directorId": "52991"
  },
  {
    "movieId": "3921",
    "directorId": "53047"
  },
  {
    "movieId": "3045",
    "directorId": "53315"
  },
  {
    "movieId": "3623",
    "directorId": "53862"
  },
  {
    "movieId": "4284",
    "directorId": "53862"
  },
  {
    "movieId": "2836",
    "directorId": "54021"
  },
  {
    "movieId": "2930",
    "directorId": "54605"
  },
  {
    "movieId": "2387",
    "directorId": "54928"
  },
  {
    "movieId": "2597",
    "directorId": "54928"
  },
  {
    "movieId": "2729",
    "directorId": "54928"
  },
  {
    "movieId": "4108",
    "directorId": "55069"
  },
  {
    "movieId": "2423",
    "directorId": "55177"
  },
  {
    "movieId": "2459",
    "directorId": "55177"
  },
  {
    "movieId": "4043",
    "directorId": "55177"
  },
  {
    "movieId": "2845",
    "directorId": "55281"
  },
  {
    "movieId": "2883",
    "directorId": "55281"
  },
  {
    "movieId": "2337",
    "directorId": "55387"
  },
  {
    "movieId": "2899",
    "directorId": "55492"
  },
  {
    "movieId": "3568",
    "directorId": "55546"
  },
  {
    "movieId": "3622",
    "directorId": "55570"
  },
  {
    "movieId": "2812",
    "directorId": "55698"
  },
  {
    "movieId": "3183",
    "directorId": "55773"
  },
  {
    "movieId": "4204",
    "directorId": "55773"
  },
  {
    "movieId": "4213",
    "directorId": "55773"
  },
  {
    "movieId": "2722",
    "directorId": "55904"
  },
  {
    "movieId": "3919",
    "directorId": "55955"
  },
  {
    "movieId": "3258",
    "directorId": "56159"
  },
  {
    "movieId": "4080",
    "directorId": "56309"
  },
  {
    "movieId": "2790",
    "directorId": "56392"
  },
  {
    "movieId": "3132",
    "directorId": "56808"
  },
  {
    "movieId": "3214",
    "directorId": "56880"
  },
  {
    "movieId": "4220",
    "directorId": "56880"
  },
  {
    "movieId": "2993",
    "directorId": "56952"
  },
  {
    "movieId": "3512",
    "directorId": "57707"
  },
  {
    "movieId": "3689",
    "directorId": "57707"
  },
  {
    "movieId": "2776",
    "directorId": "57797"
  },
  {
    "movieId": "3397",
    "directorId": "57797"
  },
  {
    "movieId": "2114",
    "directorId": "58109"
  },
  {
    "movieId": "2582",
    "directorId": "58109"
  },
  {
    "movieId": "2424",
    "directorId": "58268"
  },
  {
    "movieId": "2983",
    "directorId": "58268"
  },
  {
    "movieId": "4254",
    "directorId": "58268"
  },
  {
    "movieId": "3983",
    "directorId": "58376"
  },
  {
    "movieId": "2671",
    "directorId": "58450"
  },
  {
    "movieId": "2672",
    "directorId": "58450"
  },
  {
    "movieId": "4150",
    "directorId": "58517"
  },
  {
    "movieId": "3642",
    "directorId": "58755"
  },
  {
    "movieId": "2974",
    "directorId": "58766"
  },
  {
    "movieId": "2492",
    "directorId": "58777"
  },
  {
    "movieId": "2720",
    "directorId": "58777"
  },
  {
    "movieId": "4173",
    "directorId": "59224"
  },
  {
    "movieId": "3184",
    "directorId": "59311"
  },
  {
    "movieId": "2180",
    "directorId": "59504"
  },
  {
    "movieId": "3781",
    "directorId": "59491"
  },
  {
    "movieId": "2842",
    "directorId": "59716"
  },
  {
    "movieId": "2931",
    "directorId": "59747"
  },
  {
    "movieId": "2724",
    "directorId": "59920"
  },
  {
    "movieId": "4199",
    "directorId": "59931"
  },
  {
    "movieId": "3693",
    "directorId": "60305"
  },
  {
    "movieId": "2241",
    "directorId": "60378"
  },
  {
    "movieId": "2939",
    "directorId": "61027"
  },
  {
    "movieId": "2100",
    "directorId": "61064"
  },
  {
    "movieId": "4225",
    "directorId": "61273"
  },
  {
    "movieId": "2168",
    "directorId": "61447"
  },
  {
    "movieId": "3107",
    "directorId": "61447"
  },
  {
    "movieId": "4049",
    "directorId": "61447"
  },
  {
    "movieId": "2378",
    "directorId": "62348"
  },
  {
    "movieId": "2583",
    "directorId": "62348"
  },
  {
    "movieId": "3326",
    "directorId": "62348"
  },
  {
    "movieId": "2266",
    "directorId": "62929"
  },
  {
    "movieId": "3656",
    "directorId": "62929"
  },
  {
    "movieId": "3738",
    "directorId": "62929"
  },
  {
    "movieId": "3739",
    "directorId": "62929"
  },
  {
    "movieId": "4146",
    "directorId": "62931"
  },
  {
    "movieId": "2139",
    "directorId": "62969"
  },
  {
    "movieId": "2454",
    "directorId": "63206"
  },
  {
    "movieId": "3730",
    "directorId": "64116"
  },
  {
    "movieId": "3948",
    "directorId": "64116"
  },
  {
    "movieId": "2439",
    "directorId": "64171"
  },
  {
    "movieId": "4221",
    "directorId": "64608"
  },
  {
    "movieId": "2632",
    "directorId": "64808"
  },
  {
    "movieId": "2632",
    "directorId": "64810"
  },
  {
    "movieId": "2825",
    "directorId": "65109"
  },
  {
    "movieId": "2571",
    "directorId": "65235"
  },
  {
    "movieId": "3818",
    "directorId": "65235"
  },
  {
    "movieId": "3145",
    "directorId": "65482"
  },
  {
    "movieId": "4299",
    "directorId": "65797"
  },
  {
    "movieId": "2712",
    "directorId": "65940"
  },
  {
    "movieId": "2130",
    "directorId": "66141"
  },
  {
    "movieId": "2141",
    "directorId": "66141"
  },
  {
    "movieId": "4120",
    "directorId": "66680"
  },
  {
    "movieId": "2406",
    "directorId": "66880"
  },
  {
    "movieId": "2881",
    "directorId": "66880"
  },
  {
    "movieId": "2165",
    "directorId": "66938"
  },
  {
    "movieId": "2312",
    "directorId": "67203"
  },
  {
    "movieId": "2735",
    "directorId": "67203"
  },
  {
    "movieId": "3009",
    "directorId": "67203"
  },
  {
    "movieId": "3101",
    "directorId": "67502"
  },
  {
    "movieId": "3751",
    "directorId": "67783"
  },
  {
    "movieId": "3882",
    "directorId": "67844"
  },
  {
    "movieId": "3368",
    "directorId": "68573"
  },
  {
    "movieId": "3022",
    "directorId": "68614"
  },
  {
    "movieId": "2832",
    "directorId": "68623"
  },
  {
    "movieId": "3743",
    "directorId": "68622"
  }
]
